dataset_variable,construct,why_it_matters,key_source
_NOTE (applies to all rows),"Construct labeling, not measurement validation","Every attitude field (JobSatisfaction, EnvironmentSatisfaction, JobInvolvement, RelationshipSatisfaction, WorkLifeBalance) is a single 1-4 item with no published wording and unknown reliability, and in this synthetic (fictional) file the values are generated; meta-analytic estimates from multi-item scales set expectations only and do not validate any IBM field.",Kaggle data card; Tett & Meyer 1993
Age,Life stage / career stage (proxy),"Younger workers have fewer side bets and more options, and age correlates negatively with voluntary turnover (rho = -.21).",Rubenstein et al. 2018
BusinessTravel,Time- and strain-based work-family conflict,"Frequent travel takes time and energy from non-work roles, a recognised source of work-family conflict; no verified turnover meta-analysis exists for travel itself.",Greenhaus & Beutell 1985
DailyRate,NOT INTERPRETABLE - undocumented,Undocumented and not interpretable as pay; exclude from substantive interpretation (MonthlyIncome is the pay variable).,Kaggle data card (no definition)
Department,Occupational/organizational context; ease of movement,"Departments differ in occupation and outside labour-market options, which shape the ease of leaving.",Trevor 2001
DistanceFromHome,Weak proxy for commute (units undocumented; distance is not travel time),"Long commutes add strain and weaken community ties; the supporting study measured travel minutes (district exit only at 40+ minutes), so this field is a weak proxy.",Santelli & Grissom 2024; Mitchell et al. 2001
Education,Human capital / ease of movement,"Education mainly affects turnover via outside options; its meta-analytic link to turnover is near zero (rho = .04, CI includes 0).",Rubenstein et al. 2018
EducationField,Occupational labour market / ease of movement,"Fields differ in demand for their skills, which changes how easy it is to find another job.",Trevor 2001
EnvironmentSatisfaction,Facet satisfaction with the work environment (referent undocumented); single 1-4 item,"A poor environment is expected to lower attitudes and perceived support; this item is not a climate measure, so climate meta-analytic estimates do not validate it.",Rhoades & Eisenberger 2002
Gender,Demographic (no expected effect),"Meta-analyses find essentially no sex difference in turnover (rho = .00), so any effect needs a contextual explanation.",Rubenstein et al. 2018; Griffeth et al. 2000
HourlyRate,NOT INTERPRETABLE - undocumented,Undocumented and not interpretable as pay; exclude from substantive interpretation.,Kaggle data card (no definition)
JobInvolvement,Job involvement; single 1-4 item,In the literature people who identify with their job have more to lose by leaving it; this single undocumented item only labels the construct.,Brown 1996; Rubenstein et al. 2018
JobLevel,Hierarchical level; career stage; plateau,"Level bundles pay, seniority and promotion prospects, so its effect is confounded with income and experience.",Ference et al. 1977; Yang et al. 2019
JobRole,Occupation; job characteristics; ease of movement,"Roles differ in job design, outside demand and career paths, all of which shape the desirability and ease of leaving.",March & Simon 1958; Trevor 2001
JobSatisfaction,Job satisfaction (desirability of movement); single 1-4 item,"In the literature dissatisfaction starts the withdrawal chain toward quitting; this single undocumented item only labels the construct, and links to turnover can differ by scale length (single vs multi-item).",Mobley 1977; Tett & Meyer 1993; Rubenstein et al. 2018
MaritalStatus,"Life stage; off-the-job embeddedness (links, kinship)",Marriage adds community links and raises the cost of relocating; married employees quit slightly less (rho = -.10).,Mitchell et al. 2001; Rubenstein et al. 2018
MonthlyIncome,"Pay level, confounded with job level and career stage","Pay is the core inducement to stay (pay rho = -.17 in the literature), but here JobLevel explains most of income variance and 95% of the under-$2,475 group is JobLevel 1, so only within-level variation is pay as distinct from career stage.",Rubenstein et al. 2018; March & Simon 1958; Adams 1965
MonthlyRate,NOT INTERPRETABLE - undocumented,Undocumented and not interpretable as pay; exclude from substantive interpretation.,Kaggle data card (no definition)
NumCompaniesWorked,Prior job mobility (hobo syndrome; search skill),"Past job changes predict future quitting, through disposition and practised job search.",Judge & Watanabe 1995; Barrick & Zimmerman 2005
OverTime,"Job demand / workload proxy (yes/no flag; no hours, premium, or voluntariness)","A binary proxy for workload demands; in Podsakoff et al.'s framework workload is a challenge stressor linked to lower turnover, and meta-analytic workload-turnover links are weak (rho = -.10), so do not label it a hindrance.",Rubenstein et al. 2018; Podsakoff et al. 2007
PercentSalaryHike,Single-year raise percentage (at most a weak proxy for salary growth),"Low salary growth is linked to exits, especially among high performers, but one year's raise percent is at most a weak proxy for salary growth.",Trevor et al. 1997
PerformanceRating,Job performance (curvilinear risk); range-restricted,Low and high performers can both leave more than average performers; the IBM rating takes only values 3 and 4.,Trevor et al. 1997
RelationshipSatisfaction,Interpersonal relations (target undocumented); single 1-4 item,"Good relationships are embeddedness links in the literature, but the item does not say whom it refers to, so do not read it as LMX or as a validated peer-relations measure.",Mitchell et al. 2001
StockOptionLevel,Deferred-compensation level (coding undocumented),"Could be read as a side bet given up by leaving, but the 0-3 coding and any vesting are undocumented, so that reading cannot be tested here.",Becker 1960; Mitchell et al. 2001
TotalWorkingYears,Career stage / labour-market experience,"Experience tracks age, pay and level, so it mainly indexes career stage rather than a separate driver.",Rubenstein et al. 2018; Ng & Feldman 2009
TrainingTimesLastYear,Development investment (reward) vs employability,"Training signals investment and lowers turnover as a reward, but transferable skills can raise exits unless followed by advancement.",Benson et al. 2004; Rubenstein et al. 2018
WorkLifeBalance,Work-life balance; related to (roughly the inverse of) work-family conflict; single 1-4 item,Role conflict lowers satisfaction in the literature; balance is related to conflict but is not simply its mirror image.,Greenhaus & Beutell 1985; Kossek & Ozeki 1998
YearsAtCompany,Organizational tenure; embeddedness,"Tenure builds links, fit and sacrifice and filters out poor fits; tenure rho = -.20 (-.27 excluding an outlier).",Mitchell et al. 2001; Rubenstein et al. 2018
YearsInCurrentRole,Job-content plateau / role tenure,"Long time in one role can mean a stalled career, which lowers attachment via perceived lack of support.",Yang et al. 2019
YearsSinceLastPromotion,Promotion opportunity; hierarchical plateau,"Fewer promotional chances relate to more leaving (r1 = -.12), but promotions can also raise market value and exits.",Griffeth et al. 2000; Trevor et al. 1997
YearsWithCurrManager,Duration of manager relationship (not LMX quality),"Relationship length is only a proxy for LMX/supervisor support, which relates to intentions more clearly than to actual exits.",Gerstner & Day 1997; Eisenberger et al. 2002
EmployeeCount,CONSTANT - drop,Always 1; no variance.,n/a
Over18,CONSTANT - drop,Always 'Y'; no variance.,n/a
StandardHours,CONSTANT - drop,Always 80; no variance.,n/a
EmployeeNumber,IDENTIFIER - drop,"Row identifier, not a predictor.",n/a
