"node","parent","side","depth","n","n_yes","n_no","yes_rate","share_of_data","leaf","split_variable","split_left_rule","split_right_rule","split_improvement","path"
"1","","",0,1470,237,1233,0.161224489795918,1,FALSE,"OverTime","OverTime in {No}","OverTime in {Yes} or missing",24.0830128701603,"All rows (root)"
"2","1","left",1,1054,110,944,0.104364326375712,0.717006802721088,FALSE,"TotalWorkingYears","TotalWorkingYears < 2.5","TotalWorkingYears >= 2.5 or missing",9.73733549265707,"OverTime in {No}"
"3","1","right",1,416,127,289,0.305288461538462,0.282993197278912,FALSE,"MonthlyIncome","MonthlyIncome < 2475","MonthlyIncome >= 2475 or missing",25.2105210210789,"OverTime in {Yes} or missing"
"4","3","left",2,69,48,21,0.695652173913043,0.0469387755102041,FALSE,"EnvironmentSatisfaction","EnvironmentSatisfaction in {2, 4}","EnvironmentSatisfaction in {3, 1} or missing",4.85066804458552,"OverTime in {Yes} or missing AND MonthlyIncome < 2475"
"5","3","right",2,347,79,268,0.227665706051873,0.236054421768707,FALSE,"JobRole","JobRole in {Research Director, Healthcare Representative, Manufacturing Director, Manager, Research Scientist, Human Resources}","JobRole in {Sales Executive, Laboratory Technician, Sales Representative} or missing",9.95228783155913,"OverTime in {Yes} or missing AND MonthlyIncome >= 2475 or missing"
"6","5","left",3,200,25,175,0.125,0.136054421768707,TRUE,"","","",NA,"OverTime in {Yes} or missing AND MonthlyIncome >= 2475 or missing AND JobRole in {Research Director, Healthcare Representative, Manufacturing Director, Manager, Research Scientist, Human Resources}"
"7","5","right",3,147,54,93,0.36734693877551,0.1,FALSE,"StockOptionLevel","StockOptionLevel in {1, 3, 2}","StockOptionLevel in {0} or missing",11.2878209348255,"OverTime in {Yes} or missing AND MonthlyIncome >= 2475 or missing AND JobRole in {Sales Executive, Laboratory Technician, Sales Representative} or missing"
"8","7","left",4,85,17,68,0.2,0.0578231292517007,TRUE,"","","",NA,"OverTime in {Yes} or missing AND MonthlyIncome >= 2475 or missing AND JobRole in {Sales Executive, Laboratory Technician, Sales Representative} or missing AND StockOptionLevel in {1, 3, 2}"
"9","7","right",4,62,37,25,0.596774193548387,0.0421768707482993,FALSE,"TrainingTimesLastYear","TrainingTimesLastYear in {1, 3}","TrainingTimesLastYear in {0, 2, 4, 5} or missing",5.43520090548954,"OverTime in {Yes} or missing AND MonthlyIncome >= 2475 or missing AND JobRole in {Sales Executive, Laboratory Technician, Sales Representative} or missing AND StockOptionLevel in {0} or missing"
"10","2","left",2,88,29,59,0.329545454545455,0.0598639455782313,FALSE,"JobRole","JobRole in {Research Scientist}","JobRole in {Laboratory Technician, Sales Representative, Human Resources} or missing",5.47207792207794,"OverTime in {No} AND TotalWorkingYears < 2.5"
"11","2","right",2,966,81,885,0.0838509316770186,0.657142857142857,TRUE,"","","",NA,"OverTime in {No} AND TotalWorkingYears >= 2.5 or missing"
"12","10","left",3,28,2,26,0.0714285714285714,0.019047619047619,TRUE,"","","",NA,"OverTime in {No} AND TotalWorkingYears < 2.5 AND JobRole in {Research Scientist}"
"13","10","right",3,60,27,33,0.45,0.0408163265306122,FALSE,"EnvironmentSatisfaction","EnvironmentSatisfaction in {4, 3, 2}","EnvironmentSatisfaction in {1} or missing",4.07908496732026,"OverTime in {No} AND TotalWorkingYears < 2.5 AND JobRole in {Laboratory Technician, Sales Representative, Human Resources} or missing"
"14","9","left",5,24,8,16,0.333333333333333,0.0163265306122449,TRUE,"","","",NA,"OverTime in {Yes} or missing AND MonthlyIncome >= 2475 or missing AND JobRole in {Sales Executive, Laboratory Technician, Sales Representative} or missing AND StockOptionLevel in {0} or missing AND TrainingTimesLastYear in {1, 3}"
"15","9","right",5,38,29,9,0.763157894736842,0.0258503401360544,TRUE,"","","",NA,"OverTime in {Yes} or missing AND MonthlyIncome >= 2475 or missing AND JobRole in {Sales Executive, Laboratory Technician, Sales Representative} or missing AND StockOptionLevel in {0} or missing AND TrainingTimesLastYear in {0, 2, 4, 5} or missing"
"16","4","left",3,38,20,18,0.526315789473684,0.0258503401360544,FALSE,"YearsAtCompany","YearsAtCompany < 3.5","YearsAtCompany >= 3.5 or missing",5.26315789473684,"OverTime in {Yes} or missing AND MonthlyIncome < 2475 AND EnvironmentSatisfaction in {2, 4}"
"17","4","right",3,31,28,3,0.903225806451613,0.0210884353741497,TRUE,"","","",NA,"OverTime in {Yes} or missing AND MonthlyIncome < 2475 AND EnvironmentSatisfaction in {3, 1} or missing"
"18","16","left",4,19,15,4,0.789473684210526,0.0129251700680272,TRUE,"","","",NA,"OverTime in {Yes} or missing AND MonthlyIncome < 2475 AND EnvironmentSatisfaction in {2, 4} AND YearsAtCompany < 3.5"
"19","16","right",4,19,5,14,0.263157894736842,0.0129251700680272,TRUE,"","","",NA,"OverTime in {Yes} or missing AND MonthlyIncome < 2475 AND EnvironmentSatisfaction in {2, 4} AND YearsAtCompany >= 3.5 or missing"
"20","13","left",4,51,19,32,0.372549019607843,0.0346938775510204,TRUE,"","","",NA,"OverTime in {No} AND TotalWorkingYears < 2.5 AND JobRole in {Laboratory Technician, Sales Representative, Human Resources} or missing AND EnvironmentSatisfaction in {4, 3, 2}"
"21","13","right",4,9,8,1,0.888888888888889,0.00612244897959184,TRUE,"","","",NA,"OverTime in {No} AND TotalWorkingYears < 2.5 AND JobRole in {Laboratory Technician, Sales Representative, Human Resources} or missing AND EnvironmentSatisfaction in {1} or missing"
