"variable","type","best_split","improvement","relative_improvement","eligible","n_left","yes_rate_left","n_right","yes_rate_right","importance_pct"
"MonthlyIncome","numeric","MonthlyIncome < 2475",25.2105210210789,0.0634099977431226,TRUE,69,0.695652173913043,347,0.227665706051873,12.964087778536
"JobLevel","categorical","JobLevel in {4, 5, 2, 3}",24.238782051282,0.0609658607960834,TRUE,260,0.173076923076923,156,0.525641025641026,12.4643873046054
"JobRole","categorical","JobRole in {Research Director, Healthcare Representative, Manufacturing Director, Manager}",17.1773656898657,0.0432048476394622,TRUE,126,0.0873015873015873,290,0.4,8.83317232599982
"TotalWorkingYears","numeric","TotalWorkingYears < 8.5",15.4427295027846,0.0388418566240848,TRUE,183,0.459016393442623,233,0.184549356223176,7.94116474811827
"StockOptionLevel","categorical","StockOptionLevel in {2, 1}",14.6354384330847,0.0368113422660152,TRUE,205,0.170731707317073,211,0.436018957345972,7.52602884982932
"MaritalStatus","categorical","MaritalStatus in {Divorced, Married}",13.9359861596152,0.0350520661667613,TRUE,285,0.217543859649123,131,0.49618320610687,7.16634724457517
"Age","numeric","Age < 35.5",13.5901753063451,0.0341822759150219,TRUE,198,0.439393939393939,218,0.18348623853211,6.98851981082973
"YearsAtCompany","numeric","YearsAtCompany < 2.5",11.5785256410256,0.0291225351571373,TRUE,104,0.509615384615385,312,0.237179487179487,5.95406269591891
"YearsWithCurrManager","numeric","YearsWithCurrManager < 0.5",9.80578875082853,0.0246637125047788,TRUE,82,0.524390243902439,334,0.251497005988024,5.04246247022154
"YearsInCurrentRole","numeric","YearsInCurrentRole < 2.5",8.57110894768664,0.0215582216081311,TRUE,206,0.407766990291262,210,0.204761904761905,4.40754908096895
"EnvironmentSatisfaction","categorical","EnvironmentSatisfaction in {3, 4, 2}",6.47768939871866,0.0162928116324912,TRUE,354,0.268361581920904,62,0.516129032258065,3.331043174271
"NumCompaniesWorked","categorical","NumCompaniesWorked in {3, 8, 2, 4, 0}",5.40710475899522,0.0136000561145896,TRUE,199,0.221105527638191,217,0.382488479262673,2.78051297173682
"DistanceFromHome","numeric","DistanceFromHome < 11.5",4.58400349650349,0.0115297756490124,TRUE,286,0.255244755244755,130,0.415384615384615,2.35724694686392
"JobSatisfaction","categorical","JobSatisfaction in {4}",3.81161922404729,0.00958705955312848,FALSE,142,0.211267605633803,274,0.354014598540146,1.9600612838421
"JobInvolvement","categorical","JobInvolvement in {4, 3}",2.86372377622378,0.00720289430097249,FALSE,286,0.265734265734266,130,0.392307692307692,1.4726219413476
"BusinessTravel","categorical","BusinessTravel in {Non-Travel, Travel_Rarely}",2.78414444083052,0.00700273479322305,FALSE,330,0.275757575757576,86,0.418604651162791,1.43169960227602
"EducationField","categorical","EducationField in {Medical, Other, Life Sciences}",2.06041175082591,0.00518238811330139,FALSE,326,0.279141104294479,90,0.4,1.05953219988196
"TrainingTimesLastYear","categorical","TrainingTimesLastYear in {3}",1.80217070494795,0.00453285516145911,FALSE,131,0.236641221374046,285,0.336842105263158,0.926736071472566
"Department","categorical","Department in {Research & Development, Human Resources}",1.79700854700855,0.00451987120039726,FALSE,288,0.274305555555556,128,0.375,0.924081518296255
"PercentSalaryHike","numeric","PercentSalaryHike < 21.5",1.68842110618433,0.00424674993599188,FALSE,378,0.291005291005291,38,0.447368421052632,0.868242247330187
"Education","categorical","Education in {5}",1.58466253895357,0.00398577434931397,FALSE,14,0.0714285714285714,402,0.313432835820896,0.814886143653076
"RelationshipSatisfaction","categorical","RelationshipSatisfaction in {3, 4}",1.53208962090541,0.00385354191302294,FALSE,264,0.272727272727273,152,0.361842105263158,0.787851401936301
"YearsSinceLastPromotion","numeric","YearsSinceLastPromotion < 10.5",1.24812100953745,0.00313929848303177,FALSE,399,0.31328320802005,17,0.117647058823529,0.64182530429853
"Gender","categorical","Gender in {Female}",1.23846334926846,0.00311500734619455,FALSE,180,0.261111111111111,236,0.338983050847458,0.636859014416706
"WorkLifeBalance","categorical","WorkLifeBalance in {3, 2, 4}",1.03494950480991,0.00260312532650044,FALSE,394,0.296954314720812,22,0.454545454545455,0.532205431831009
"PerformanceRating","categorical","PerformanceRating in {3}",0.363283475783495,0.00091373773514179,FALSE,351,0.296296296296296,65,0.353846153846154,0.186812436942936
"OverTime","categorical","no split",NA,NA,FALSE,NA,NA,NA,NA,0
