"leaf","depth","n","n_yes","n_no","yes_rate","rule"
"11",2,966,81,885,0.0838509316770186,"OverTime in {No} AND TotalWorkingYears >= 2.5 or missing"
"6",3,200,25,175,0.125,"OverTime in {Yes} or missing AND MonthlyIncome >= 2475 or missing AND JobRole in {Research Director, Healthcare Representative, Manufacturing Director, Manager, Research Scientist, Human Resources}"
"12",3,28,2,26,0.0714285714285714,"OverTime in {No} AND TotalWorkingYears < 2.5 AND JobRole in {Research Scientist}"
"17",3,31,28,3,0.903225806451613,"OverTime in {Yes} or missing AND MonthlyIncome < 2475 AND EnvironmentSatisfaction in {3, 1} or missing"
"8",4,85,17,68,0.2,"OverTime in {Yes} or missing AND MonthlyIncome >= 2475 or missing AND JobRole in {Sales Executive, Laboratory Technician, Sales Representative} or missing AND StockOptionLevel in {1, 3, 2}"
"18",4,19,15,4,0.789473684210526,"OverTime in {Yes} or missing AND MonthlyIncome < 2475 AND EnvironmentSatisfaction in {2, 4} AND YearsAtCompany < 3.5"
"19",4,19,5,14,0.263157894736842,"OverTime in {Yes} or missing AND MonthlyIncome < 2475 AND EnvironmentSatisfaction in {2, 4} AND YearsAtCompany >= 3.5 or missing"
"20",4,51,19,32,0.372549019607843,"OverTime in {No} AND TotalWorkingYears < 2.5 AND JobRole in {Laboratory Technician, Sales Representative, Human Resources} or missing AND EnvironmentSatisfaction in {4, 3, 2}"
"21",4,9,8,1,0.888888888888889,"OverTime in {No} AND TotalWorkingYears < 2.5 AND JobRole in {Laboratory Technician, Sales Representative, Human Resources} or missing AND EnvironmentSatisfaction in {1} or missing"
"14",5,24,8,16,0.333333333333333,"OverTime in {Yes} or missing AND MonthlyIncome >= 2475 or missing AND JobRole in {Sales Executive, Laboratory Technician, Sales Representative} or missing AND StockOptionLevel in {0} or missing AND TrainingTimesLastYear in {1, 3}"
"15",5,38,29,9,0.763157894736842,"OverTime in {Yes} or missing AND MonthlyIncome >= 2475 or missing AND JobRole in {Sales Executive, Laboratory Technician, Sales Representative} or missing AND StockOptionLevel in {0} or missing AND TrainingTimesLastYear in {0, 2, 4, 5} or missing"
