"id","source","definition","exec_label","defining_vars","sensitive","headline_eligible","n","pct_employees","leavers","pct_all_leavers","full_rate","rate","lift","wilson_lo","wilson_hi","rate_outside","test_n","test_leavers","test_rate","test_wilson_lo","test_wilson_hi","test_overall_rate","impact_pp_to_avg","impact_people_to_avg","impact_pp_to_outside","impact_people_to_outside","wilson_lo_above_avg_check","stability_share","stability_anywhere_old_reading","pass_r1_size","pass_r2_rate","pass_r3_test","pass_r4_stability","pass_size_at_74","pass_all","pass_all_at_74","status","identical_to","headline","same_people_as"
"tree_node_2","training tree node 2 (level 1)","OverTime in {No}","","OverTime",FALSE,FALSE,1054,71.7006802721088,110,46.4135021097046,0.104364326375712,0.104364326375712,0.647323037013907,0.0873212955512246,0.124280789954327,0.305288461538462,327,34,0.103975535168196,0.075363976237972,0.141783714613041,0.160997732426304,-4.07515646258504,-59.9048,-14.4063971742543,-211.774038461539,FALSE,0.786,0.82,TRUE,FALSE,FALSE,TRUE,TRUE,FALSE,FALSE,"fails: rate test","fulltree_node_2;ot_no",FALSE,""
"tree_node_3","training tree node 3 (level 1)","NOT(OverTime in {No})","","OverTime",FALSE,FALSE,416,28.2993197278912,127,53.5864978902954,0.305288461538462,0.305288461538462,1.89356134371957,0.26298229805817,0.35115776220399,0.104364326375712,114,37,0.324561403508772,0.245551462356787,0.415009426821754,0.160997732426304,4.07760544217687,59.9408,5.68601634202068,83.584440227704,TRUE,0.786,0.82,TRUE,TRUE,TRUE,TRUE,TRUE,TRUE,TRUE,"PASS","fulltree_node_3;ot_yes",FALSE,""
"tree_node_6","training tree node 6 (level 2)","NOT(OverTime in {No}) & MonthlyIncome >= 2807","","OverTime+MonthlyIncome",FALSE,TRUE,317,21.5646258503401,68,28.6919831223629,0.214511041009464,0.214511041009464,1.33051152018528,0.17288369096474,0.262974752438131,0.146574154379879,87,22,0.252873563218391,0.173332111590756,0.353315736668982,0.160997732426304,1.14963265306122,16.8996,1.46503354160398,21.5359930615785,TRUE,0.346,0.432,TRUE,FALSE,TRUE,FALSE,TRUE,FALSE,FALSE,"fails: rate stability","",FALSE,""
"tree_node_7","training tree node 7 (level 2)","NOT(OverTime in {No}) & NOT(MonthlyIncome >= 2807)","","OverTime+MonthlyIncome",FALSE,TRUE,99,6.73469387755102,59,24.8945147679325,0.595959595959596,0.595959595959596,3.69645825342028,0.497468961825791,0.687281431817757,0.12983223924143,27,15,0.555555555555556,0.373130245132245,0.72414141822977,0.160997732426304,2.92797278911565,43.0412,3.13922505544887,46.1466083150985,TRUE,0.346,0.432,FALSE,TRUE,FALSE,FALSE,TRUE,FALSE,FALSE,"too small to act on (under 100 employees; fails: size test stability)","",FALSE,""
"fulltree_node_2","full-data tree node 2 (level 1); cutpoint chosen using test rows too, so its test check is not independent","OverTime in {No}","","OverTime",FALSE,FALSE,1054,71.7006802721088,110,46.4135021097046,0.104364326375712,0.104364326375712,0.647323037013907,0.0873212955512246,0.124280789954327,0.305288461538462,327,34,0.103975535168196,0.075363976237972,0.141783714613041,0.160997732426304,-4.07515646258504,-59.9048,-14.4063971742543,-211.774038461539,FALSE,0.786,0.82,TRUE,FALSE,FALSE,TRUE,TRUE,FALSE,FALSE,"fails: rate test","tree_node_2;ot_no",FALSE,""
"fulltree_node_3","full-data tree node 3 (level 1); cutpoint chosen using test rows too, so its test check is not independent","NOT(OverTime in {No})","","OverTime",FALSE,FALSE,416,28.2993197278912,127,53.5864978902954,0.305288461538462,0.305288461538462,1.89356134371957,0.26298229805817,0.35115776220399,0.104364326375712,114,37,0.324561403508772,0.245551462356787,0.415009426821754,0.160997732426304,4.07760544217687,59.9408,5.68601634202068,83.584440227704,TRUE,0.786,0.82,TRUE,TRUE,TRUE,TRUE,TRUE,TRUE,TRUE,"PASS","tree_node_3;ot_yes",FALSE,""
"fulltree_node_6","full-data tree node 6 (level 2); cutpoint chosen using test rows too, so its test check is not independent","NOT(OverTime in {No}) & MonthlyIncome >= 3751.5","","OverTime+MonthlyIncome",FALSE,TRUE,273,18.5714285714286,49,20.6751054852321,0.179487179487179,0.179487179487179,1.11327491074327,0.138510806565013,0.229358439806266,0.157059314954052,76,15,0.197368421052632,0.123419872797543,0.300438349741882,0.160997732426304,0.339619047619047,4.9924,0.416517484186657,6.12280701754386,FALSE,0.346,0.432,TRUE,FALSE,TRUE,FALSE,TRUE,FALSE,FALSE,"fails: rate stability","",FALSE,""
"fulltree_node_7","full-data tree node 7 (level 2); cutpoint chosen using test rows too, so its test check is not independent","NOT(OverTime in {No}) & NOT(MonthlyIncome >= 3751.5)","","OverTime+MonthlyIncome",FALSE,TRUE,143,9.72789115646258,78,32.9113924050633,0.545454545454545,0.545454545454545,3.38319907940161,0.463720346953044,0.624810508735839,0.119819140919367,38,22,0.578947368421053,0.421923453436706,0.721474988422413,0.160997732426304,3.73798639455782,54.9484,4.14053488765514,60.8658628485305,TRUE,0.346,0.432,TRUE,TRUE,TRUE,FALSE,TRUE,FALSE,FALSE,"passes size and lift, not stable as a split","",FALSE,""
"ot_yes","simple","OverTime = Yes","Overtime workers","OverTime",FALSE,TRUE,416,28.2993197278912,127,53.5864978902954,0.305288461538462,0.305288461538462,1.89356134371957,0.26298229805817,0.35115776220399,0.104364326375712,114,37,0.324561403508772,0.245551462356787,0.415009426821754,0.160997732426304,4.07760544217687,59.9408,5.68601634202068,83.584440227704,TRUE,0.786,0.82,TRUE,TRUE,TRUE,TRUE,TRUE,TRUE,TRUE,"PASS","tree_node_3;fulltree_node_3",TRUE,""
"ot_no","simple","OverTime = No","No overtime","OverTime",FALSE,TRUE,1054,71.7006802721088,110,46.4135021097046,0.104364326375712,0.104364326375712,0.647323037013907,0.0873212955512246,0.124280789954327,0.305288461538462,327,34,0.103975535168196,0.075363976237972,0.141783714613041,0.160997732426304,-4.07515646258504,-59.9048,-14.4063971742543,-211.774038461539,FALSE,0.786,0.82,TRUE,FALSE,FALSE,TRUE,TRUE,FALSE,FALSE,"fails: rate test","tree_node_2;fulltree_node_2",FALSE,""
"inc_boot","simple, data-driven cut","MonthlyIncome < 3500 (median bootstrap income cut 3473.5, rounded to $500)","Lower-paid staff (under about $3,500/month)","MonthlyIncome",FALSE,TRUE,472,32.108843537415,128,54.0084388185654,0.271186440677966,0.271186440677966,1.68204248015447,0.233046260061668,0.313021036101794,0.109218436873747,140,40,0.285714285714286,0.217389795022746,0.36548429084986,0.160997732426304,3.53153741496599,51.9136,5.20060529221709,76.4488977955912,TRUE,0.454,0.522,TRUE,TRUE,TRUE,FALSE,TRUE,FALSE,FALSE,"passes size and lift, not stable as a split","",FALSE,""
"inc_lt2500","band sensitivity (fixed cut; not headline-eligible)","MonthlyIncome < 2500","Pay under about $2,500/month","MonthlyIncome",FALSE,FALSE,224,15.2380952380952,77,32.4894514767932,0.34375,0.34375,2.13212025316456,0.284656213279823,0.408112607801645,0.128410914927769,58,19,0.327586206896552,0.220832910849261,0.455759453215292,0.160997732426304,2.78171428571429,40.8912,3.28135748681495,48.2359550561798,TRUE,0.454,0.522,TRUE,TRUE,TRUE,FALSE,TRUE,FALSE,FALSE,"passes size and lift, not stable as a split","",FALSE,""
"inc_lt3000","band sensitivity (fixed cut; not headline-eligible)","MonthlyIncome < 3000","Pay under about $3,000/month","MonthlyIncome",FALSE,FALSE,395,26.8707482993197,113,47.6793248945148,0.286075949367089,0.286075949367089,1.77439512898574,0.243736390164028,0.332536346126466,0.115348837209302,112,36,0.321428571428571,0.242097897367158,0.412602583728179,0.160997732426304,3.35551020408163,49.326,4.5875652586616,67.4372093023256,TRUE,0.454,0.522,TRUE,TRUE,TRUE,FALSE,TRUE,FALSE,FALSE,"passes size and lift, not stable as a split","",FALSE,""
"inc_lt4000","band sensitivity (fixed cut; not headline-eligible)","MonthlyIncome < 4000","Pay under about $4,000/month","MonthlyIncome",FALSE,FALSE,542,36.8707482993197,137,57.8059071729958,0.252767527675277,0.252767527675277,1.5677985893783,0.21800709542183,0.291007847160542,0.107758620689655,158,42,0.265822784810127,0.203093382373968,0.339669018933936,0.160997732426304,3.37616326530612,49.6296,5.34658691062632,78.5948275862069,TRUE,0.454,0.522,TRUE,TRUE,TRUE,FALSE,TRUE,FALSE,FALSE,"passes size and lift, not stable as a split","",FALSE,""
"ot_inc_boot","combination, data-driven cut","OverTime = Yes & MonthlyIncome < 3500","Overtime workers paid under about $3,500/month","OverTime+MonthlyIncome",FALSE,TRUE,132,8.97959183673469,73,30.8016877637131,0.553030303030303,0.553030303030303,3.43018795550441,0.467909675019941,0.635151644562025,0.122571001494768,34,20,0.588235294117647,0.422215938788125,0.736340316361288,0.160997732426304,3.51847619047619,51.7216,3.86534883011501,56.8206278026906,TRUE,0.346,0.432,TRUE,TRUE,TRUE,FALSE,TRUE,FALSE,FALSE,"passes size and lift, not stable as a split","",FALSE,""
"twy_boot","simple, data-driven cut","TotalWorkingYears < 2.5 (median bootstrap cut)","Very little total work experience","TotalWorkingYears",FALSE,TRUE,123,8.36734693877551,54,22.7848101265823,0.439024390243902,0.439024390243902,2.72306267366471,0.354487119752364,0.527255016143406,0.135857461024499,38,21,0.552631578947368,0.397062971219925,0.698535990019488,0.160997732426304,2.32465306122449,34.1724,2.53670287714195,37.2895322939866,TRUE,0.25,0.254,TRUE,TRUE,TRUE,FALSE,TRUE,FALSE,FALSE,"passes size and lift, not stable as a split","",FALSE,""
"age_boot","simple, data-driven cut","Age < 33.5 (median bootstrap cut)","Younger employees","Age",TRUE,FALSE,574,39.0476190476191,141,59.4936708860759,0.245644599303136,0.245644599303136,1.52361840074097,0.212196590153109,0.282474490395632,0.107142857142857,185,48,0.259459459459459,0.201642894467275,0.327062292646822,0.160997732426304,3.29736054421769,48.4712,5.40816326530612,79.5,TRUE,0.078,0.124,TRUE,TRUE,TRUE,FALSE,TRUE,FALSE,FALSE,"passes size and lift, not stable as a split","",FALSE,""
"jl1","simple","JobLevel = 1","Entry-level staff (job level 1)","JobLevel",FALSE,TRUE,543,36.9387755102041,143,60.337552742616,0.263351749539595,0.263351749539595,1.63344756043546,0.228060668842736,0.301967649503425,0.101402373247033,160,44,0.275,0.211701237387516,0.348849550439662,0.160997732426304,3.77336054421769,55.4684,5.98221165488849,87.9385113268608,TRUE,0.142,0.178,TRUE,TRUE,TRUE,FALSE,TRUE,FALSE,FALSE,"passes size and lift, not stable as a split","",FALSE,""
"single","simple","MaritalStatus = Single","Single employees","MaritalStatus",TRUE,FALSE,470,31.9727891156463,120,50.6329113924051,0.25531914893617,0.25531914893617,1.5836251009965,0.217991982321761,0.296613597839105,0.117,146,40,0.273972602739726,0.208121994191446,0.351412459627654,0.160997732426304,3.00925170068027,44.236,4.42244897959184,65.01,TRUE,0.026,0.054,TRUE,TRUE,TRUE,FALSE,TRUE,FALSE,FALSE,"passes size and lift, not stable as a split","",FALSE,""
"sol0","simple","StockOptionLevel = 0","No stock options","StockOptionLevel",FALSE,TRUE,631,42.9251700680272,154,64.9789029535865,0.24405705229794,0.24405705229794,1.51377159020241,0.212157658706053,0.27905389417517,0.098927294398093,201,50,0.248756218905473,0.194081370797754,0.312854380482902,0.160997732426304,3.55665306122449,52.2828,6.22971953978254,91.5768772348033,TRUE,0.09,0.138,TRUE,TRUE,TRUE,FALSE,TRUE,FALSE,FALSE,"passes size and lift, not stable as a split","",FALSE,""
"age_lt30","simple","Age < 30","Under 30","Age",TRUE,FALSE,326,22.1768707482993,91,38.3966244725738,0.279141104294479,0.279141104294479,1.73138153296575,0.233235311264978,0.330191310376663,0.127622377622378,100,30,0.3,0.218948852949328,0.395848546333467,0.160997732426304,2.61556462585034,38.4488,3.36021121735407,49.3951048951049,TRUE,0.078,0.124,TRUE,TRUE,TRUE,FALSE,TRUE,FALSE,FALSE,"passes size and lift, not stable as a split","",FALSE,""
"age_lt25","simple","Age < 25","Under 25","Age",TRUE,FALSE,97,6.59863945578231,38,16.0337552742616,0.391752577319588,0.391752577319588,2.4298577580582,0.300512919763153,0.491239398721846,0.144938091769847,36,18,0.5,0.344743254096268,0.655256745903732,0.160997732426304,1.52133333333333,22.3636,1.62863980260713,23.9410050983248,TRUE,0.078,0.124,FALSE,TRUE,TRUE,FALSE,TRUE,FALSE,FALSE,"too small to act on (under 100 employees; fails: size stability)","",FALSE,""
"yac_lt2","simple","YearsAtCompany < 2","Under 2 years at the company","YearsAtCompany",FALSE,TRUE,215,14.6258503401361,75,31.6455696202532,0.348837209302326,0.348837209302326,2.16367382984987,0.288289861778316,0.414691463833952,0.129083665338645,62,27,0.435483870967742,0.319425889024891,0.559070120278512,0.160997732426304,2.7443537414966,40.342,3.21408244572729,47.2470119521912,TRUE,0.114,0.124,TRUE,TRUE,TRUE,FALSE,TRUE,FALSE,FALSE,"passes size and lift, not stable as a split","",FALSE,""
"yac_le3","simple","YearsAtCompany <= 3","3 years or less at the company","YearsAtCompany",FALSE,TRUE,470,31.9727891156463,122,51.4767932489451,0.259574468085106,0.259574468085106,1.61001885267977,0.222002234819716,0.301044987425308,0.115,134,43,0.32089552238806,0.247796594674491,0.403977259065413,0.160997732426304,3.14530612244898,46.236,4.62244897959184,67.95,TRUE,0.114,0.124,TRUE,TRUE,TRUE,FALSE,TRUE,FALSE,FALSE,"passes size and lift, not stable as a split","",FALSE,""
"twy_le3","simple","TotalWorkingYears <= 3","3 years or less of total work experience","TotalWorkingYears",FALSE,TRUE,165,11.2244897959184,63,26.5822784810127,0.381818181818182,0.381818181818182,2.36823935558113,0.311176122982412,0.457837955239827,0.133333333333333,54,25,0.462962962962963,0.336899011179811,0.593946439789885,0.160997732426304,2.47632653061225,36.402,2.7891156462585,41,TRUE,0.25,0.254,TRUE,TRUE,TRUE,FALSE,TRUE,FALSE,FALSE,"passes size and lift, not stable as a split","",FALSE,""
"travel_freq","simple","BusinessTravel = Travel_Frequently","Frequent business travellers","BusinessTravel",FALSE,TRUE,277,18.843537414966,69,29.1139240506329,0.249097472924188,0.249097472924188,1.5450349586437,0.201831362824802,0.303227467934421,0.140821458507963,73,19,0.26027397260274,0.173421834636383,0.371094881506776,0.160997732426304,1.65629931972789,24.3476,2.04030312879552,29.9924559932942,TRUE,0,0,TRUE,TRUE,TRUE,FALSE,TRUE,FALSE,FALSE,"passes size and lift, not stable as a split","",FALSE,""
"role_salesrep","simple","JobRole = Sales Representative","Sales representatives","JobRole",FALSE,TRUE,83,5.64625850340136,33,13.9240506329114,0.397590361445783,0.397590361445783,2.46606679884093,0.299089317104168,0.505151649930935,0.147080028839221,18,10,0.555555555555556,0.337164156420428,0.754404818729944,0.160997732426304,1.33472108843537,19.6204,1.4144460956697,20.7923576063446,TRUE,0.09,0.198,FALSE,TRUE,FALSE,FALSE,TRUE,FALSE,FALSE,"too small to act on (under 100 employees; fails: size test stability)","",FALSE,""
"role_labtech","simple","JobRole = Laboratory Technician","Laboratory technicians","JobRole",FALSE,TRUE,259,17.6190476190476,62,26.1603375527426,0.239382239382239,0.239382239382239,1.48477591515566,0.19146494664002,0.294917450544533,0.144508670520231,82,23,0.280487804878049,0.194771500459081,0.385850724575597,0.160997732426304,1.37749659863946,20.2492,1.67158192756872,24.5722543352601,TRUE,0.09,0.198,TRUE,FALSE,TRUE,FALSE,TRUE,FALSE,FALSE,"fails: rate stability","",FALSE,""
"role_salesexec","simple","JobRole = Sales Executive","Sales executives","JobRole",FALSE,TRUE,326,22.1768707482993,57,24.0506329113924,0.174846625766871,0.174846625766871,1.08449172944009,0.137467662004402,0.219799308745791,0.157342657342657,93,20,0.21505376344086,0.143750220069405,0.308963517978143,0.160997732426304,0.302639455782313,4.4488,0.388183245326102,5.70629370629371,FALSE,0.09,0.198,TRUE,FALSE,TRUE,FALSE,TRUE,FALSE,FALSE,"fails: rate stability","",FALSE,""
"dept_sales","simple","Department = Sales","Sales department","Department",FALSE,TRUE,446,30.3401360544218,92,38.8185654008439,0.20627802690583,0.20627802690583,1.27944598966907,0.171310227880339,0.246262352719813,0.1416015625,125,30,0.24,0.173600661492588,0.321903343235742,0.160997732426304,1.36767346938776,20.1048,1.96229272959184,28.845703125,TRUE,0,0.004,TRUE,FALSE,TRUE,FALSE,TRUE,FALSE,FALSE,"fails: rate stability","",FALSE,""
"jobinv1","simple","JobInvolvement = 1","Lowest job involvement (1 of 4)","JobInvolvement",FALSE,TRUE,83,5.64625850340136,28,11.8143459915612,0.337349397590361,0.337349397590361,2.09242031416806,0.24484304754653,0.444245547156281,0.150684931506849,22,6,0.272727272727273,0.131507602879895,0.481517340124024,0.160997732426304,0.994585034013605,14.6204,1.05395582890691,15.4931506849315,TRUE,0,0.002,FALSE,TRUE,FALSE,FALSE,TRUE,FALSE,FALSE,"too small to act on (under 100 employees; fails: size test stability)","",FALSE,""
"envsat1","simple","EnvironmentSatisfaction = 1","Lowest environment satisfaction (1 of 4)","EnvironmentSatisfaction",FALSE,TRUE,284,19.3197278911565,72,30.379746835443,0.253521126760563,0.253521126760563,1.57247281155286,0.206447109399182,0.30717403269206,0.139123102866779,88,23,0.261363636363636,0.180932391199358,0.361757799708886,0.160997732426304,1.78361904761905,26.2192,2.21013869291393,32.4890387858347,TRUE,0.008,0.018,TRUE,TRUE,TRUE,FALSE,TRUE,FALSE,FALSE,"passes size and lift, not stable as a split","",FALSE,""
"jobsat1","simple","JobSatisfaction = 1","Lowest job satisfaction (1 of 4)","JobSatisfaction",FALSE,TRUE,289,19.6598639455782,66,27.8481012658228,0.228373702422145,0.228373702422145,1.41649511628926,0.183725685575521,0.280148041074192,0.144792548687553,79,18,0.227848101265823,0.149267746867597,0.331668482260488,0.160997732426304,1.32062585034014,19.4132,1.64319411083654,24.1549534292972,TRUE,0,0.002,TRUE,FALSE,TRUE,FALSE,TRUE,FALSE,FALSE,"fails: rate stability","",FALSE,""
"wlb1","simple","WorkLifeBalance = 1","Lowest work-life balance (1 of 4)","WorkLifeBalance",FALSE,TRUE,80,5.4421768707483,25,10.5485232067511,0.3125,0.3125,1.93829113924051,0.221504041128948,0.420677757446874,0.152517985611511,22,9,0.409090909090909,0.232558161964719,0.612651815236849,0.160997732426304,0.823401360544218,12.104,0.870650418440758,12.7985611510791,TRUE,0,0,FALSE,TRUE,FALSE,FALSE,TRUE,FALSE,FALSE,"too small to act on (under 100 employees; fails: size test stability)","",FALSE,""
"mgr_new","simple","YearsWithCurrManager = 0","New manager (under 1 year)","YearsWithCurrManager",FALSE,TRUE,263,17.891156462585,85,35.8649789029536,0.32319391634981,0.32319391634981,2.00462049381528,0.269565728014246,0.381912717610308,0.125932062966031,79,31,0.392405063291139,0.292128650575367,0.502660091172945,0.160997732426304,2.89825850340136,42.6044,3.52924268298869,51.8798674399337,TRUE,0.06,0.076,TRUE,TRUE,TRUE,FALSE,TRUE,FALSE,FALSE,"passes size and lift, not stable as a split","",FALSE,""
"ncw_ge5","simple","NumCompaniesWorked >= 5","Five or more previous employers","NumCompaniesWorked",FALSE,TRUE,308,20.952380952381,67,28.2700421940928,0.217532467532468,0.217532467532468,1.34925201380898,0.175089459097257,0.266934700685652,0.146299483648881,97,22,0.22680412371134,0.154818100093275,0.319604417987913,0.160997732426304,1.18029931972789,17.3504,1.49250061470371,21.9397590361446,TRUE,0,0.002,TRUE,FALSE,TRUE,FALSE,TRUE,FALSE,FALSE,"fails: rate stability","",FALSE,""
"dist_ge10","simple","DistanceFromHome >= 10","Long commute (10+ miles)","DistanceFromHome",FALSE,TRUE,530,36.0544217687075,104,43.8818565400844,0.19622641509434,0.19622641509434,1.21710054931932,0.164652535598299,0.232172130827332,0.141489361702128,160,30,0.1875,0.134614268829803,0.255039603152388,0.160997732426304,1.26285714285714,18.564,1.97351280937907,29.0106382978723,TRUE,0.002,0.004,TRUE,FALSE,TRUE,FALSE,TRUE,FALSE,FALSE,"fails: rate stability","",FALSE,""
"ot_inc2475","earlier tree (v0.3 headline)","OverTime = Yes & MonthlyIncome < 2475","Overtime and under about $2,500/month (earlier headline)","OverTime+MonthlyIncome",FALSE,TRUE,69,4.69387755102041,48,20.253164556962,0.695652173913043,0.695652173913043,4.31480462300495,0.579164298321384,0.791503731082901,0.134903640256959,19,12,0.631578947368421,0.410395331648031,0.808504872548649,0.160997732426304,2.50865306122449,36.8772,2.63208495389591,38.6916488222698,TRUE,0.346,0.432,FALSE,TRUE,FALSE,FALSE,FALSE,FALSE,FALSE,"too small to act on (under 100 employees; fails: size test stability)","",FALSE,""
"ot_jl1","combination","OverTime = Yes & JobLevel = 1","Overtime and entry-level","OverTime+JobLevel",FALSE,TRUE,156,10.6122448979592,82,34.5991561181435,0.525641025641026,0.525641025641026,3.26030509574813,0.4476115428959,0.60243805036372,0.117960426179604,42,23,0.547619047619048,0.399491190347335,0.687766067665455,0.160997732426304,3.86753741496599,56.8528,4.32640636163141,63.5981735159817,TRUE,0.142,0.176,TRUE,TRUE,TRUE,FALSE,TRUE,FALSE,FALSE,"passes size and lift, not stable as a split","",FALSE,""
"ot_sol0","combination","OverTime = Yes & StockOptionLevel = 0","Overtime and no stock options","OverTime+StockOptionLevel",FALSE,TRUE,182,12.3809523809524,82,34.5991561181435,0.450549450549451,0.450549450549451,2.79454722492697,0.380030351838845,0.523112896636368,0.120341614906832,47,25,0.531914893617021,0.392323832201948,0.666683129234393,0.160997732426304,3.58242176870748,52.6616,4.08828748890861,60.0978260869565,TRUE,0.044,0.108,TRUE,TRUE,TRUE,FALSE,TRUE,FALSE,FALSE,"passes size and lift, not stable as a split","",FALSE,""
"ot_single","combination","OverTime = Yes & MaritalStatus = Single","Overtime and single","OverTime+MaritalStatus",TRUE,FALSE,131,8.91156462585034,65,27.4261603375527,0.49618320610687,0.49618320610687,3.07759203787806,0.411901340442261,0.580682542817785,0.128454070201643,35,21,0.6,0.435727090128925,0.744492711406194,0.160997732426304,2.98522448979592,43.8828,3.27704195942754,48.1725168035848,TRUE,0.022,0.048,TRUE,TRUE,TRUE,FALSE,TRUE,FALSE,FALSE,"passes size and lift, not stable as a split","",FALSE,""
"ot_age30","combination","OverTime = Yes & Age < 30","Overtime and under 30","OverTime+Age",TRUE,FALSE,94,6.39455782312925,50,21.0970464135021,0.531914893617021,0.531914893617021,3.29921896040937,0.431782637481564,0.629541059776423,0.135901162790698,23,14,0.608695652173913,0.407855223913817,0.778423772075221,0.160997732426304,2.37055782312925,34.8472,2.53233270052207,37.2252906976744,TRUE,0.052,0.096,FALSE,TRUE,FALSE,FALSE,TRUE,FALSE,FALSE,"too small to act on (under 100 employees; fails: size test stability)","",FALSE,""
"jl1_sol0","combination","JobLevel = 1 & StockOptionLevel = 0","Entry-level with no stock options","JobLevel+StockOptionLevel",FALSE,TRUE,257,17.4829931972789,95,40.084388185654,0.369649805447471,0.369649805447471,2.29276461606659,0.312958508351343,0.430180483805358,0.117065127782358,78,33,0.423076923076923,0.319590603481755,0.533784444166275,0.160997732426304,3.64432653061224,53.5716,4.41593620135606,64.9142621599341,TRUE,0.004,0.012,TRUE,TRUE,TRUE,FALSE,TRUE,FALSE,FALSE,"passes size and lift, not stable as a split","",FALSE,""
