"group","n","leavers","in_overtime","in_lowpaid","in_either","pct_in_either","on_exec_page"
"inc_boot",472,128,132,472,472,100,FALSE
"inc_lt2500",224,77,70,224,224,100,FALSE
"inc_lt3000",395,113,114,395,395,100,FALSE
"inc_lt4000",542,137,151,472,491,90.590405904059,FALSE
"ot_inc_boot",132,73,132,132,132,100,FALSE
"twy_boot",123,54,35,121,122,99.1869918699187,FALSE
"age_boot",574,141,155,282,356,62.0209059233449,FALSE
"jl1",543,143,156,449,477,87.8453038674033,FALSE
"single",470,120,131,173,254,54.0425531914894,FALSE
"sol0",631,154,182,222,338,53.5657686212361,TRUE
"age_lt30",326,91,94,194,228,69.9386503067485,FALSE
"yac_lt2",215,75,69,134,161,74.8837209302326,TRUE
"yac_le3",470,122,144,254,324,68.936170212766,FALSE
"twy_le3",165,63,48,158,160,96.969696969697,FALSE
"travel_freq",277,69,86,89,142,51.2635379061372,TRUE
"envsat1",284,72,62,89,130,45.7746478873239,TRUE
"mgr_new",263,85,82,145,183,69.5817490494296,TRUE
"ot_jl1",156,82,156,128,156,100,FALSE
"ot_sol0",182,82,182,66,182,100,FALSE
"ot_single",131,65,131,50,131,100,FALSE
"jl1_sol0",257,95,75,216,226,87.9377431906615,FALSE
