"branch","group","variable","cut","n","pct_of_branch","leavers","pct_of_all_leavers","pct_of_branch_leavers","rate","branch_rate","rate_vs_branch","lift_vs_company","wilson_lo","excess_vs_company","impact_pts_vs_company","excess_vs_branch","test_n","test_rate","stab_within_1se","stab_unpruned","stab_var_any_cut_1se","refit_cut_median","refit_cut_q25","refit_cut_q75","pct_in_joblevel1","pct_in_lowpay","lowpay_cut","n_outside_jl1_and_lowpay","leavers_outside","rate_outside","excess_outside_vs_branch","excess_vs_branch_of_jl1_or_lowpay","excess_vs_branch_of_union","incremental_excess_vs_branch","incremental_excess_vs_company","rate_in_joblevel2plus","n_in_joblevel2plus"
"nonOT","no overtime and job level = 1","JobLevel",2,387,0.36717,61,0.25738,0.55455,0.15762,0.10436,1.5103,0.97766,0.12471,-1.3939,-0.094822,20.611,118,0.17797,0.006,0.006,0.006,1.5,1.5,1.5,1,0.9509,4230,0,0,NA,0,17.08,17.08,0,0,NA,0
"nonOT","no overtime and monthly income under $4,230","MonthlyIncome",4230,421,0.39943,61,0.25738,0.55455,0.14489,0.10436,1.3883,0.8987,0.11448,-6.8755,-0.46772,17.063,131,0.15267,0,0.022,0.008,2951.8,2769.6,3691,0.87411,1,4230,0,0,NA,0,17.08,17.08,0,0,0.037736,53
"nonOT","no overtime and total working years: 7 or less","TotalWorkingYears",8,370,0.35104,59,0.24895,0.53636,0.15946,0.10436,1.5279,0.98905,0.12568,-0.65306,-0.044426,20.385,121,0.20661,0,0.01,0.054,3.5,2.5,3.5,0.73514,0.73514,4230,86,9,0.10465,0.024668,17.08,17.104,0.024668,-4.8653,0.091837,98
"nonOT","no overtime and years at the company: 1 or less","YearsAtCompany",2,146,0.13852,37,0.15612,0.33636,0.25342,0.10436,2.4283,1.5719,0.18981,13.461,0.91573,21.763,41,0.34146,0.096,0.3,0.104,1.5,1.5,2.5,0.63014,0.65068,4230,49,7,0.14286,1.8861,17.08,18.966,1.8861,-0.9,0.14815,54
"nonOT","no overtime and years in current role: 1 or less","YearsInCurrentRole",2,208,0.19734,41,0.173,0.37273,0.19712,0.10436,1.8887,1.2226,0.14876,7.4653,0.50784,19.292,58,0.25862,0,0.012,0,NA,NA,NA,0.55769,0.58173,4230,84,10,0.11905,1.2334,17.08,18.313,1.2334,-3.5429,0.11957,92
"nonOT","no overtime and years since last promotion: under 1 year","YearsSinceLastPromotion",1,410,0.38899,51,0.21519,0.46364,0.12439,0.10436,1.1919,0.77153,0.09589,-15.102,-1.0273,8.2106,128,0.10156,NA,NA,NA,NA,NA,NA,0.46098,0.49512,4230,198,15,0.075758,-5.6641,17.08,11.416,-5.6641,-16.922,0.076923,221
"nonOT","no overtime and years with current manager: 1 or less","YearsWithCurrManager",2,238,0.22581,48,0.20253,0.43636,0.20168,0.10436,1.9325,1.2509,0.15563,9.6286,0.655,23.161,73,0.24658,0.032,0.21,0.032,0.5,0.5,1.5,0.52941,0.53361,4230,106,13,0.12264,1.9374,17.08,19.017,1.9374,-4.0898,0.125,112
"OT","works overtime and job level = 1","JobLevel",2,156,0.375,82,0.34599,0.64567,0.52564,0.30529,1.7218,3.2603,0.44761,56.849,3.8673,34.375,42,0.54762,0.202,0.224,0.202,1.5,1.5,1.5,1,0.94231,4187,0,0,NA,0,30.49,30.49,0,0,NA,0
"OT","works overtime and monthly income under $4,187","MonthlyIncome",4187,163,0.39183,81,0.34177,0.6378,0.49693,0.30529,1.6277,3.0822,0.42114,54.72,3.7225,31.238,43,0.53488,0.468,0.436,0.682,3521.5,2929.5,3772.5,0.90184,1,4187,0,0,NA,0,30.49,30.49,0,0,0.0625,16
"OT","works overtime and total working years: 7 or less","TotalWorkingYears",8,152,0.36538,72,0.3038,0.56693,0.47368,0.30529,1.5516,2.938,0.39594,47.494,3.2309,25.596,46,0.47826,0.014,0.014,0.014,8.5,7.5,8.5,0.75658,0.75,4187,32,8,0.25,-1.7692,30.49,28.721,-1.7692,2.8408,0.24324,37
"OT","works overtime and years at the company: 4 or less","YearsAtCompany",5,174,0.41827,75,0.31646,0.59055,0.43103,0.30529,1.4119,2.6735,0.35973,46.947,3.1937,21.88,46,0.5,0,0.006,0,NA,NA,NA,0.59195,0.6092,4187,64,17,0.26562,-2.5385,30.49,27.952,-2.5385,6.6816,0.25352,71
"OT","works overtime and years in current role: 2 or less","YearsInCurrentRole",3,206,0.49519,84,0.35443,0.66142,0.40777,0.30529,1.3357,2.5292,0.34294,50.788,3.4549,21.111,59,0.47458,0.002,0.016,0.002,2.5,2.5,2.5,0.54369,0.55825,4187,86,20,0.23256,-6.2548,30.49,24.236,-6.2548,6.1347,0.2234,94
"OT","works overtime and years since last promotion: under 1 year","YearsSinceLastPromotion",1,171,0.41106,59,0.24895,0.46457,0.34503,0.30529,1.1302,2.1401,0.27789,31.431,2.1381,6.7957,53,0.35849,0,0,0,NA,NA,NA,0.4152,0.45614,4187,90,14,0.15556,-13.476,30.49,17.014,-13.476,-0.5102,0.15,100
"OT","works overtime and years with current manager: 1 or less","YearsWithCurrManager",2,101,0.24279,48,0.20253,0.37795,0.47525,0.30529,1.5567,2.9477,0.38056,31.716,2.1576,17.166,27,0.55556,0,0,0,NA,NA,NA,0.55446,0.56436,4187,43,10,0.23256,-3.1274,30.49,27.363,-3.1274,3.0673,0.22222,45
