"scope","refits","variable","share_of_refits_with_split","cut_q25","cut_median","cut_q75"
"all staff (nodes 1-3 of depth-3 refits)","pruned","OverTime",0.818,NA,NA,NA
"all staff (nodes 1-3 of depth-3 refits)","pruned","MonthlyIncome",0.484,2802,3296.2,3751.5
"all staff (nodes 1-3 of depth-3 refits)","pruned","TotalWorkingYears",0.276,2.5,2.5,2.5
"all staff (nodes 1-3 of depth-3 refits)","pruned","StockOptionLevel",0.102,0.5,0.5,0.5
"all staff (nodes 1-3 of depth-3 refits)","pruned","JobLevel",0.09,1.5,1.5,1.5
"all staff (nodes 1-3 of depth-3 refits)","pruned","YearsAtCompany",0.088,1.5,1.5,1.75
"all staff (nodes 1-3 of depth-3 refits)","pruned","JobRole",0.08,NA,NA,NA
"all staff (nodes 1-3 of depth-3 refits)","pruned","Age",0.056,32.25,33.5,33.5
"all staff (nodes 1-3 of depth-3 refits)","pruned","YearsWithCurrManager",0.036,0.5,0.5,0.5
"all staff (nodes 1-3 of depth-3 refits)","pruned","MaritalStatus",0.03,NA,NA,NA
"all staff (nodes 1-3 of depth-3 refits)","pruned","EnvironmentSatisfaction",0.004,1.5,1.5,1.5
"all staff (nodes 1-3 of depth-3 refits)","pruned","DistanceFromHome",0.002,20.5,20.5,20.5
"all staff (nodes 1-3 of depth-3 refits)","pruned","EducationField",0.002,NA,NA,NA
"all staff (nodes 1-3 of depth-3 refits)","pruned","JobSatisfaction",0.002,1.5,1.5,1.5
"no-overtime branch","pruned","YearsAtCompany",0.104,1.5,1.5,2.5
"no-overtime branch","pruned","TotalWorkingYears",0.054,2.5,3.5,3.5
"no-overtime branch","pruned","Age",0.048,31.5,32.5,33.5
"no-overtime branch","pruned","JobRole",0.048,NA,NA,NA
"no-overtime branch","pruned","YearsWithCurrManager",0.032,0.5,0.5,1.5
"no-overtime branch","pruned","StockOptionLevel",0.026,0.5,0.5,0.5
"no-overtime branch","pruned","MonthlyIncome",0.008,2769.6,2951.8,3691
"no-overtime branch","pruned","EnvironmentSatisfaction",0.006,1.5,1.5,1.5
"no-overtime branch","pruned","JobLevel",0.006,1.5,1.5,1.5
"no-overtime branch","pruned","NumCompaniesWorked",0.004,4.5,4.5,4.5
"no-overtime branch","pruned","EducationField",0.002,NA,NA,NA
"no-overtime branch","pruned","MaritalStatus",0.002,NA,NA,NA
"no-overtime branch","pruned","WorkLifeBalance",0.002,2.5,2.5,2.5
"no-overtime branch","unpruned","JobRole",0.51,NA,NA,NA
"no-overtime branch","unpruned","StockOptionLevel",0.386,0.5,0.5,0.5
"no-overtime branch","unpruned","YearsAtCompany",0.358,1.5,1.5,2.5
"no-overtime branch","unpruned","Age",0.34,32.5,33.5,34.5
"no-overtime branch","unpruned","JobSatisfaction",0.294,1.5,1.5,1.5
"no-overtime branch","unpruned","TotalWorkingYears",0.232,3.5,3.5,3.5
"no-overtime branch","unpruned","YearsWithCurrManager",0.218,0.5,0.5,0.5
"no-overtime branch","unpruned","EducationField",0.21,NA,NA,NA
"no-overtime branch","unpruned","NumCompaniesWorked",0.182,3.5,4.5,4.5
"no-overtime branch","unpruned","MonthlyIncome",0.152,2930.5,4954.5,6602.5
"no-overtime branch","unpruned","EnvironmentSatisfaction",0.15,1.5,1.5,1.5
"no-overtime branch","unpruned","DistanceFromHome",0.098,7.5,8.5,8.5
"no-overtime branch","unpruned","MaritalStatus",0.064,NA,NA,NA
"no-overtime branch","unpruned","PercentSalaryHike",0.06,11.5,12.5,13.5
"no-overtime branch","unpruned","BusinessTravel",0.048,NA,NA,NA
"no-overtime branch","unpruned","YearsSinceLastPromotion",0.048,5.5,5.5,5.75
"no-overtime branch","unpruned","JobInvolvement",0.044,2.5,2.5,2.5
"no-overtime branch","unpruned","RelationshipSatisfaction",0.042,1.5,1.5,1.5
"no-overtime branch","unpruned","YearsInCurrentRole",0.034,1.5,2.5,3.5
"no-overtime branch","unpruned","WorkLifeBalance",0.024,2.5,2.5,2.5
"no-overtime branch","unpruned","JobLevel",0.012,1.5,2,2.5
"no-overtime branch","unpruned","TrainingTimesLastYear",0.008,2.5,2.5,2.5
"no-overtime branch","unpruned","Department",0.006,NA,NA,NA
"no-overtime branch","unpruned","Education",0.004,2.75,3,3.25
"overtime branch","pruned","MonthlyIncome",0.682,2929.5,3521.5,3772.5
"overtime branch","pruned","JobLevel",0.202,1.5,1.5,1.5
"overtime branch","pruned","JobRole",0.172,NA,NA,NA
"overtime branch","pruned","StockOptionLevel",0.076,0.5,0.5,0.5
"overtime branch","pruned","MaritalStatus",0.038,NA,NA,NA
"overtime branch","pruned","Age",0.018,33.5,35.5,35.5
"overtime branch","pruned","TotalWorkingYears",0.014,7.5,8.5,8.5
"overtime branch","pruned","Department",0.01,NA,NA,NA
"overtime branch","pruned","DistanceFromHome",0.004,10.75,11,11.25
"overtime branch","pruned","EnvironmentSatisfaction",0.004,2.5,2.5,2.5
"overtime branch","pruned","YearsInCurrentRole",0.002,2.5,2.5,2.5
"overtime branch","unpruned","MonthlyIncome",0.662,2932.5,3745,3782.9
"overtime branch","unpruned","JobRole",0.612,NA,NA,NA
"overtime branch","unpruned","StockOptionLevel",0.268,0.5,0.5,0.5
"overtime branch","unpruned","JobLevel",0.224,1.5,1.5,1.5
"overtime branch","unpruned","MaritalStatus",0.064,NA,NA,NA
"overtime branch","unpruned","Age",0.048,34.25,35.5,35.5
"overtime branch","unpruned","Department",0.036,NA,NA,NA
"overtime branch","unpruned","EnvironmentSatisfaction",0.024,2.5,2.5,2.5
"overtime branch","unpruned","YearsAtCompany",0.024,2.5,2.5,4.5
"overtime branch","unpruned","DistanceFromHome",0.018,9.5,10.5,11.5
"overtime branch","unpruned","TotalWorkingYears",0.018,8.5,8.5,8.5
"overtime branch","unpruned","YearsInCurrentRole",0.018,2.5,2.5,2.5
"overtime branch","unpruned","YearsSinceLastPromotion",0.01,1.5,1.5,1.5
"overtime branch","unpruned","EducationField",0.004,NA,NA,NA
"overtime branch","unpruned","JobSatisfaction",0.004,3.5,3.5,3.5
"overtime branch","unpruned","TrainingTimesLastYear",0.004,2.5,2.5,2.5
