"node_source","branch","node","node_plain","defining_conditions","n","leavers","rate","rate_vs_parent","node_status","children_tested","children_100plus","children_pass_1to3","children_pass_1to4","children_qualifying","children_supported_other","best_child_by_company_excess","best_child_n","best_child_rate","best_child_excess","best_child_excess_vs_parent","best_child_fails","verdict"
"company or branch root","no-overtime branch","OverTime = No","no overtime",1,1054,110,0.1044,1,"context node (not itself a qualifying group)",230,212,0,0,0,0,"OverTime = No & YearsAtCompany < 2","146","0.2534","13.5","21.8","impact (<15 excess leavers); stability","no child passes the effect gates; best child adds 13.5 people above the company rate"
"full-company training tree node 4","no-overtime branch","OverTime = No & YearsAtCompany >= 1.5","no overtime and years at the company: 2 or more",2,908,73,0.0804,0.77,"context node (not itself a qualifying group)",218,191,0,0,0,0,"OverTime = No & YearsAtCompany >= 1.5 & JobSatisfaction < 2","177","0.1469","-2.5","7.5","impact (<15 excess leavers); rate (lift/Wilson); held-out direction; stability","no child passes the effect gates; best child adds -2.5 people above the company rate"
"single split","no-overtime branch","OverTime = No & YearsWithCurrManager < 4","no overtime and years with current manager: 3 or less",2,581,76,0.1308,1.253,"clear against its own branch only (not stable)",208,167,0,0,0,0,"OverTime = No & YearsWithCurrManager < 4 & YearsAtCompany < 2","146","0.2534","13.5","21.8","impact (<15 excess leavers); stability","no child passes the effect gates; best child adds 13.5 people above the company rate"
"single split","no-overtime branch","OverTime = No & YearsInCurrentRole < 4","no overtime and years in current role: 3 or less",2,569,78,0.1371,1.314,"clear against its own branch only (not stable)",208,167,0,0,0,0,"OverTime = No & YearsInCurrentRole < 4 & StockOptionLevel < 1","253","0.2174","14.2","28.6","impact (<15 excess leavers); stability","no child passes the effect gates; best child adds 14.2 people above the company rate"
"single split","no-overtime branch","OverTime = No & MonthlyIncome < 4876","no overtime and monthly income under $4,876",2,524,72,0.1374,1.317,"clear against its own branch only (not stable)",188,149,2,2,0,0,"OverTime = No & MonthlyIncome < 4876 & YearsAtCompany < 3","172","0.2558","16.3","26","stability","2 children pass size, impact, rate and the test set but are not stable as splits; none qualifies"
"single split","no-overtime branch","OverTime = No & YearsWithCurrManager < 3","no overtime and years with current manager: 2 or less",2,478,66,0.1381,1.323,"clear against its own branch only (not stable)",208,159,0,0,0,0,"OverTime = No & YearsWithCurrManager < 3 & YearsAtCompany < 2","146","0.2534","13.5","21.8","impact (<15 excess leavers); stability","no child passes the effect gates; best child adds 13.5 people above the company rate"
"single split","no-overtime branch","OverTime = No & YearsInCurrentRole < 3","no overtime and years in current role: 2 or less",2,467,68,0.1456,1.395,"clear against its own branch only (not stable)",204,152,0,0,0,0,"OverTime = No & YearsInCurrentRole < 3 & StockOptionLevel < 1","214","0.2243","13.5","25.7","impact (<15 excess leavers); stability","no child passes the effect gates; best child adds 13.5 people above the company rate"
"single split","no-overtime branch","OverTime = No & StockOptionLevel < 1","no overtime and stock option level = 0",2,449,72,0.1604,1.537,"clear against its own branch only (not stable)",226,169,3,3,0,0,"OverTime = No & StockOptionLevel < 1 & YearsAtCompany < 5","185","0.2486","16.2","26.7","stability","3 children pass size, impact, rate and the test set but are not stable as splits; none qualifies"
"single split","no-overtime branch","OverTime = No & MonthlyIncome < 4230","no overtime and monthly income under $4,230",2,421,61,0.1449,1.388,"clear against its own branch only (not stable)",192,141,1,1,0,0,"OverTime = No & MonthlyIncome < 4230 & YearsWithCurrManager < 1","105","0.3048","15.1","21","stability","1 children pass size, impact, rate and the test set but are not stable as splits; none qualifies"
"single split","no-overtime branch","OverTime = No & YearsAtCompany < 5","no overtime and years at the company: 4 or less",2,406,66,0.1626,1.558,"clear against its own branch only (not stable)",202,146,1,1,0,0,"OverTime = No & YearsAtCompany < 5 & StockOptionLevel < 1","185","0.2486","16.2","26.7","stability","1 children pass size, impact, rate and the test set but are not stable as splits; none qualifies"
"single split","no-overtime branch","OverTime = No & JobLevel < 2","no overtime and job level = 1",2,387,61,0.1576,1.51,"clear against its own branch only (not stable)",207,148,1,1,0,0,"OverTime = No & JobLevel < 2 & StockOptionLevel < 1","182","0.2473","15.7","26","stability","1 children pass size, impact, rate and the test set but are not stable as splits; none qualifies"
"single split","no-overtime branch","OverTime = No & TotalWorkingYears < 8","no overtime and total working years: 7 or less",2,370,59,0.1595,1.528,"clear against its own branch only (not stable)",188,131,1,1,0,0,"OverTime = No & TotalWorkingYears < 8 & YearsAtCompany < 3","159","0.2579","15.4","24.4","stability","1 children pass size, impact, rate and the test set but are not stable as splits; none qualifies"
"single split","no-overtime branch","OverTime = No & MonthlyIncome < 3306","no overtime and monthly income under $3,306",2,313,51,0.1629,1.561,"clear against its own branch only (not stable)",187,118,0,0,0,0,"OverTime = No & MonthlyIncome < 3306 & YearsWithCurrManager < 2","116","0.2845","14.3","20.9","impact (<15 excess leavers); stability","no child passes the effect gates; best child adds 14.3 people above the company rate"
"single split","no-overtime branch","OverTime = No & TotalWorkingYears < 7","no overtime and total working years: 6 or less",2,312,51,0.1635,1.566,"clear against its own branch only (not stable)",190,116,1,1,0,0,"OverTime = No & TotalWorkingYears < 7 & YearsAtCompany < 3","142","0.2746","16.1","24.2","stability","1 children pass size, impact, rate and the test set but are not stable as splits; none qualifies"
"single split","no-overtime branch","OverTime = No & YearsAtCompany < 3","no overtime and years at the company: 2 or less",2,238,49,0.2059,1.973,"clear against its own branch only (not stable)",194,100,8,8,0,0,"OverTime = No & YearsAtCompany < 3 & TotalWorkingYears < 6","127","0.2913","16.5","23.7","stability","8 children pass size, impact, rate and the test set but are not stable as splits; none qualifies"
"single split","no-overtime branch","OverTime = No & YearsWithCurrManager < 2","no overtime and years with current manager: 1 or less",2,238,48,0.2017,1.932,"clear against its own branch only (not stable)",200,102,1,1,0,0,"OverTime = No & YearsWithCurrManager < 2 & MonthlyIncome < 10686","204","0.2353","15.1","26.7","stability","1 children pass size, impact, rate and the test set but are not stable as splits; none qualifies"
"single split","no-overtime branch","OverTime = No & EnvironmentSatisfaction < 2","no overtime and environment satisfaction = 1",2,222,40,0.1802,1.726,"clear against its own branch only (not stable)",224,112,0,0,0,0,"OverTime = No & EnvironmentSatisfaction < 2 & YearsAtCompany < 5","106","0.2736","11.9","17.9","impact (<15 excess leavers); stability","no child passes the effect gates; best child adds 11.9 people above the company rate"
"single split","no-overtime branch","OverTime = No & YearsInCurrentRole < 2","no overtime and years in current role: 1 or less",2,208,41,0.1971,1.889,"clear against its own branch only (not stable)",204,96,0,0,0,0,"OverTime = No & YearsInCurrentRole < 2 & YearsWithCurrManager < 1","141","0.2553","13.3","21.3","impact (<15 excess leavers); stability","no child passes the effect gates; best child adds 13.3 people above the company rate"
"single split","no-overtime branch","OverTime = No & MonthlyIncome < 2691","no overtime and monthly income under $2,691",2,202,37,0.1832,1.755,"clear against its own branch only (not stable)",177,82,0,0,0,0,"OverTime = No & MonthlyIncome < 2691 & YearsAtCompany < 5","140","0.2357","10.4","18.4","impact (<15 excess leavers); stability","no child passes the effect gates; best child adds 10.4 people above the company rate"
"single split","no-overtime branch","OverTime = No & YearsWithCurrManager < 1","no overtime and years with current manager: under 1 year",2,181,42,0.232,2.223,"clear against its own branch only (not stable)",196,81,5,5,0,0,"OverTime = No & YearsWithCurrManager < 1 & MonthlyIncome < 4978","122","0.2951","16.3","23.3","stability","5 children pass size, impact, rate and the test set but are not stable as splits; none qualifies"
"single split","no-overtime branch","OverTime = No & YearsInCurrentRole < 1","no overtime and years in current role: under 1 year",2,168,35,0.2083,1.996,"clear against its own branch only (not stable)",192,72,0,0,0,0,"OverTime = No & YearsInCurrentRole < 1 & YearsWithCurrManager < 1","131","0.2595","12.9","20.3","impact (<15 excess leavers); stability","no child passes the effect gates; best child adds 12.9 people above the company rate"
"single split","no-overtime branch","OverTime = No & TotalWorkingYears < 5","no overtime and total working years: 4 or less",2,158,34,0.2152,2.062,"clear against its own branch only (not stable)",180,59,0,0,0,0,"OverTime = No & TotalWorkingYears < 5 & YearsAtCompany < 3","117","0.2821","14.1","20.8","impact (<15 excess leavers); stability","no child passes the effect gates; best child adds 14.1 people above the company rate"
"full-company training tree node 5","no-overtime branch","OverTime = No & YearsAtCompany < 1.5","no overtime and years at the company: 1 or less",2,146,37,0.2534,2.428,"clear against its own branch only (not stable)",184,54,0,0,0,0,"OverTime = No & YearsAtCompany < 1.5 & MonthlyIncome < 5380","113","0.292","14.8","21.2","impact (<15 excess leavers); stability","no child passes the effect gates; best child adds 14.8 people above the company rate"
"full-company training tree node 8","no-overtime branch","OverTime = No & YearsAtCompany >= 1.5 & EducationField in {Human Resources, Life Sciences, Medical, Other}","no overtime and years at the company: 2 or more and education field = Human Resources or Life Sciences or Medical or Other",3,724,48,0.0663,0.635,"context node (not itself a qualifying group)",210,179,0,0,0,0,"OverTime = No & YearsAtCompany >= 1.5 & EducationField in {Human Resources, Life Sciences, Medical, Other} & JobSatisfaction < 2","137","0.1387","-3.1","4.7","size; impact (<15 excess leavers); rate (lift/Wilson); held-out direction; stability","no child passes the effect gates; best child adds -3.1 people above the company rate"
"full-company training tree node 9","no-overtime branch","OverTime = No & YearsAtCompany >= 1.5 & EducationField not in {Human Resources, Life Sciences, Medical, Other}","no overtime and years at the company: 2 or more and education field other than Human Resources or Life Sciences or Medical or Other",3,184,25,0.1359,1.302,"context node (not itself a qualifying group)",208,92,0,0,0,0,"OverTime = No & YearsAtCompany >= 1.5 & EducationField not in {Human Resources, Life Sciences, Medical, Other} & TotalWorkingYears < 12","112","0.1786","1.9","8.3","size; impact (<15 excess leavers); rate (lift/Wilson); held-out direction; stability","no child passes the effect gates; best child adds 1.9 people above the company rate"
"full-company training tree node 16","no-overtime branch","OverTime = No & YearsAtCompany >= 1.5 & EducationField in {Human Resources, Life Sciences, Medical, Other} & JobSatisfaction >= 1.5","no overtime and years at the company: 2 or more and education field = Human Resources or Life Sciences or Medical or Other and job satisfaction: 2 or more",4,587,29,0.0494,0.473,"context node (not itself a qualifying group)",210,171,0,0,0,0,"OverTime = No & YearsAtCompany >= 1.5 & EducationField in {Human Resources, Life Sciences, Medical, Other} & JobSatisfaction >= 1.5 & BusinessTravel = Travel_Frequently","115","0.1043","-6.5","0","size; impact (<15 excess leavers); rate (lift/Wilson); held-out direction; stability","no child passes the effect gates; best child adds -6.5 people above the company rate"
"full-company training tree node 17","no-overtime branch","OverTime = No & YearsAtCompany >= 1.5 & EducationField in {Human Resources, Life Sciences, Medical, Other} & JobSatisfaction < 1.5","no overtime and years at the company: 2 or more and education field = Human Resources or Life Sciences or Medical or Other and job satisfaction = 1",4,137,19,0.1387,1.329,"context node (not itself a qualifying group)",198,46,0,0,0,0,"OverTime = No & YearsAtCompany >= 1.5 & EducationField in {Human Resources, Life Sciences, Medical, Other} & JobSatisfaction < 1.5 & YearsSinceLastPromotion < 7","110","0.1636","0.3","6.5","size; impact (<15 excess leavers); rate (lift/Wilson); test too small; stability","no child passes the effect gates; best child adds 0.3 people above the company rate"
"full-company training tree node 32","no-overtime branch","OverTime = No & YearsAtCompany >= 1.5 & EducationField in {Human Resources, Life Sciences, Medical, Other} & JobSatisfaction >= 1.5 & BusinessTravel in {Non-Travel, Travel_Rarely}","no overtime and years at the company: 2 or more and education field = Human Resources or Life Sciences or Medical or Other and job satisfaction: 2 or more and business travel = Non-Travel or Travel_Rarely",5,472,17,0.036,0.345,"context node (not itself a qualifying group)",207,162,0,0,0,0,"OverTime = No & YearsAtCompany >= 1.5 & EducationField in {Human Resources, Life Sciences, Medical, Other} & JobSatisfaction >= 1.5 & BusinessTravel in {Non-Travel, Travel_Rarely} & Department = Sales","105","0.0762","-8.9","-3","size; impact (<15 excess leavers); rate (lift/Wilson); stability","no child passes the effect gates; best child adds -8.9 people above the company rate"
"full-company training tree node 33","no-overtime branch","OverTime = No & YearsAtCompany >= 1.5 & EducationField in {Human Resources, Life Sciences, Medical, Other} & JobSatisfaction >= 1.5 & BusinessTravel not in {Non-Travel, Travel_Rarely}","no overtime and years at the company: 2 or more and education field = Human Resources or Life Sciences or Medical or Other and job satisfaction: 2 or more and business travel other than Non-Travel or Travel_Rarely",5,115,12,0.1043,1,"context node (not itself a qualifying group)",195,24,0,0,0,0,"OverTime = No & YearsAtCompany >= 1.5 & EducationField in {Human Resources, Life Sciences, Medical, Other} & JobSatisfaction >= 1.5 & BusinessTravel not in {Non-Travel, Travel_Rarely} & YearsInCurrentRole < 9","103","0.1165","-4.6","1.3","size; impact (<15 excess leavers); rate (lift/Wilson); test too small; stability","no child passes the effect gates; best child adds -4.6 people above the company rate"
"company or branch root","overtime branch","OverTime = Yes","works overtime",1,416,127,0.3053,1,"supported on the full data only",228,163,121,118,1,0,"OverTime = Yes & MonthlyIncome < 13964","377","0.3289","63.2","8.9","stability","1 child group(s) qualify: OverTime = Yes & MonthlyIncome < 3221"
"full-company training tree node 6 (in pruned tree)","overtime branch","OverTime = Yes & MonthlyIncome >= 2807","works overtime and monthly income $2,807 or more",2,317,68,0.2145,0.703,"supported on the full data only",208,135,30,29,0,0,"OverTime = Yes & MonthlyIncome >= 2807 & StockOptionLevel < 1","131","0.3435","23.9","5","stability","29 children pass size, impact, rate and the test set but are not stable as splits; none qualifies"
"single split","overtime branch","OverTime = Yes & MonthlyIncome < 5747","works overtime and monthly income under $5,747",2,243,94,0.3868,1.267,"supported on the full data only",194,103,84,78,0,0,"OverTime = Yes & MonthlyIncome < 5747 & JobLevel < 2","156","0.5256","56.8","34.4","stability","78 children pass size, impact, rate and the test set but are not stable as splits; none qualifies"
"single split","overtime branch","OverTime = Yes & TotalWorkingYears < 10","works overtime and total working years: 9 or less",2,210,89,0.4238,1.388,"supported on the full data only",191,91,77,73,0,0,"OverTime = Yes & TotalWorkingYears < 10 & Education < 5","207","0.43","55.6","25.8","stability","73 children pass size, impact, rate and the test set but are not stable as splits; none qualifies"
"single split","overtime branch","OverTime = Yes & YearsInCurrentRole < 3","works overtime and years in current role: 2 or less",2,206,84,0.4078,1.336,"supported on the full data only",202,95,80,76,0,0,"OverTime = Yes & YearsInCurrentRole < 3 & MonthlyIncome < 13194","189","0.4339","51.5","24.3","stability","76 children pass size, impact, rate and the test set but are not stable as splits; none qualifies"
"single split","overtime branch","OverTime = Yes & YearsWithCurrManager < 3","works overtime and years with current manager: 2 or less",2,205,80,0.3902,1.278,"supported on the full data only",200,94,78,73,0,0,"OverTime = Yes & YearsWithCurrManager < 3 & MonthlyIncome < 13194","187","0.4225","48.9","21.9","stability","73 children pass size, impact, rate and the test set but are not stable as splits; none qualifies"
"single split","overtime branch","OverTime = Yes & MonthlyIncome < 4998","works overtime and monthly income under $4,998",2,204,88,0.4314,1.413,"supported on the full data only",190,88,77,71,0,0,"OverTime = Yes & MonthlyIncome < 4998 & JobLevel < 2","156","0.5256","56.8","34.4","stability","71 children pass size, impact, rate and the test set but are not stable as splits; none qualifies"
"single split","overtime branch","OverTime = Yes & StockOptionLevel < 1","works overtime and stock option level = 0",2,182,82,0.4505,1.476,"supported on the full data only",218,91,80,67,0,0,"OverTime = Yes & StockOptionLevel < 1 & Education < 5","175","0.4686","53.8","28.6","stability","67 children pass size, impact, rate and the test set but are not stable as splits; none qualifies"
"single split","overtime branch","OverTime = Yes & YearsAtCompany < 5","works overtime and years at the company: 4 or less",2,174,75,0.431,1.412,"supported on the full data only",200,80,71,56,0,0,"OverTime = Yes & YearsAtCompany < 5 & JobLevel < 5","170","0.4412","47.6","23.1","stability","56 children pass size, impact, rate and the test set but are not stable as splits; none qualifies"
"single split","overtime branch","OverTime = Yes & MonthlyIncome < 4187","works overtime and monthly income under $4,187",2,163,81,0.4969,1.628,"supported on the full data only",187,70,63,49,0,0,"OverTime = Yes & MonthlyIncome < 4187 & JobLevel < 2","147","0.5442","56.3","35.1","stability","49 children pass size, impact, rate and the test set but are not stable as splits; none qualifies"
"single split","overtime branch","OverTime = Yes & JobLevel < 2","works overtime and job level = 1",2,156,82,0.5256,1.722,"supported on the full data only",195,70,63,46,0,0,"OverTime = Yes & JobLevel < 2 & Education < 5","154","0.5325","57.2","35","stability","46 children pass size, impact, rate and the test set but are not stable as splits; none qualifies"
"single split","overtime branch","OverTime = Yes & TotalWorkingYears < 8","works overtime and total working years: 7 or less",2,152,72,0.4737,1.552,"supported on the full data only",184,58,52,50,0,0,"OverTime = Yes & TotalWorkingYears < 8 & Education < 5","150","0.48","47.8","26.2","stability","50 children pass size, impact, rate and the test set but are not stable as splits; none qualifies"
"single split","overtime branch","OverTime = Yes & YearsAtCompany < 4","works overtime and years at the company: 3 or less",2,144,67,0.4653,1.524,"supported on the full data only",196,50,45,31,0,0,"OverTime = Yes & YearsAtCompany < 4 & MonthlyIncome < 12965","131","0.5038","44.9","26","stability","31 children pass size, impact, rate and the test set but are not stable as splits; none qualifies"
"single split","overtime branch","OverTime = Yes & EnvironmentSatisfaction < 3","works overtime and environment satisfaction: 2 or less",2,143,59,0.4126,1.351,"supported on the full data only",220,55,50,40,0,0,"OverTime = Yes & EnvironmentSatisfaction < 3 & Education < 5","136","0.4265","36.1","16.5","stability","40 children pass size, impact, rate and the test set but are not stable as splits; none qualifies"
"single split","overtime branch","OverTime = Yes & MonthlyIncome < 3221","works overtime and monthly income under $3,221",2,122,68,0.5574,1.826,"qualifies (rules 1-5)",181,26,24,7,0,0,"OverTime = Yes & MonthlyIncome < 3221 & JobLevel < 2","118","0.5763","49","32","stability","7 children pass size, impact, rate and the test set but are not stable as splits; none qualifies"
"full-company training tree node 12","overtime branch","OverTime = Yes & MonthlyIncome >= 2807 & StockOptionLevel >= 0.5","works overtime and monthly income $2,807 or more and stock option level: 1 or more",3,186,23,0.1237,0.405,"context node (not itself a qualifying group)",199,85,0,0,0,0,"OverTime = Yes & MonthlyIncome >= 2807 & StockOptionLevel >= 0.5 & YearsAtCompany < 8","112","0.1786","1.9","-14.2","size; impact (<15 excess leavers); rate (lift/Wilson); stability","no child passes the effect gates; best child adds 1.9 people above the company rate"
"full-company training tree node 13","overtime branch","OverTime = Yes & MonthlyIncome >= 2807 & StockOptionLevel < 0.5","works overtime and monthly income $2,807 or more and stock option level = 0",3,131,45,0.3435,1.125,"supported on the full data only",206,44,36,13,0,0,"OverTime = Yes & MonthlyIncome >= 2807 & StockOptionLevel < 0.5 & Education < 5","125","0.36","24.8","6.8","stability","13 children pass size, impact, rate and the test set but are not stable as splits; none qualifies"
"company or branch root","whole company","all staff","all staff",0,1470,237,0.1612,1,"context node (not itself a qualifying group)",232,220,31,31,1,0,"OverTime = Yes","416","0.3053","59.9","59.9","","1 child group(s) qualify: OverTime = Yes"
"single split","whole company","YearsInCurrentRole < 4","years in current role: 3 or less",1,808,168,0.2079,1.29,"supported on the full data only",210,179,83,83,0,0,"YearsInCurrentRole < 4 & JobLevel < 2","419","0.2888","53.4","53.4","stability","83 children pass size, impact, rate and the test set but are not stable as splits; none qualifies"
"single split","whole company","MonthlyIncome < 4883","monthly income under $4,883",1,728,159,0.2184,1.355,"supported on the full data only",194,164,86,86,0,0,"MonthlyIncome < 4883 & JobLevel < 2","539","0.2635","55.1","55.1","stability","86 children pass size, impact, rate and the test set but are not stable as splits; none qualifies"
"single split","whole company","TotalWorkingYears < 10","total working years: 9 or less",1,721,157,0.2178,1.351,"supported on the full data only",197,164,87,87,0,0,"TotalWorkingYears < 10 & OverTime = Yes","210","0.4238","55.1","55.1","stability","87 children pass size, impact, rate and the test set but are not stable as splits; none qualifies"
"single split","whole company","YearsWithCurrManager < 3","years with current manager: 2 or less",1,683,146,0.2138,1.326,"supported on the full data only",206,167,86,86,0,0,"YearsWithCurrManager < 3 & TotalWorkingYears < 8","388","0.2938","51.4","51.4","stability","86 children pass size, impact, rate and the test set but are not stable as splits; none qualifies"
"single split","whole company","YearsInCurrentRole < 3","years in current role: 2 or less",1,673,152,0.2259,1.401,"supported on the full data only",206,167,91,90,0,0,"YearsInCurrentRole < 3 & JobLevel < 2","365","0.3096","54.2","54.2","stability","90 children pass size, impact, rate and the test set but are not stable as splits; none qualifies"
"single split","whole company","StockOptionLevel < 1","stock option level = 0",1,631,154,0.2441,1.514,"supported on the full data only",226,186,118,118,0,0,"StockOptionLevel < 1 & TotalWorkingYears < 16","488","0.2848","60.3","60.3","stability","118 children pass size, impact, rate and the test set but are not stable as splits; none qualifies"
"single split","whole company","MonthlyIncome < 4227","monthly income under $4,227",1,587,142,0.2419,1.5,"supported on the full data only",194,155,92,92,0,0,"MonthlyIncome < 4227 & JobLevel < 2","515","0.2699","56","56","stability","92 children pass size, impact, rate and the test set but are not stable as splits; none qualifies"
"single split","whole company","YearsAtCompany < 5","years at the company: 4 or less",1,580,141,0.2431,1.508,"supported on the full data only",206,163,100,99,0,0,"YearsAtCompany < 5 & TotalWorkingYears < 9","398","0.294","52.8","52.8","stability","99 children pass size, impact, rate and the test set but are not stable as splits; none qualifies"
"single split","whole company","JobLevel < 2","job level = 1",1,543,143,0.2634,1.633,"supported on the full data only",207,168,116,113,0,0,"JobLevel < 2 & JobInvolvement < 4","485","0.2804","57.8","57.8","stability","113 children pass size, impact, rate and the test set but are not stable as splits; none qualifies"
"single split","whole company","TotalWorkingYears < 8","total working years: 7 or less",1,522,131,0.251,1.557,"supported on the full data only",188,147,94,94,0,0,"TotalWorkingYears < 8 & YearsAtCompany < 5","362","0.3066","52.6","52.6","stability","94 children pass size, impact, rate and the test set but are not stable as splits; none qualifies"
"single split","whole company","JobInvolvement < 3","job involvement: 2 or less",1,458,99,0.2162,1.341,"supported on the full data only",224,166,72,72,0,0,"JobInvolvement < 3 & StockOptionLevel < 1","206","0.3301","34.8","34.8","stability","72 children pass size, impact, rate and the test set but are not stable as splits; none qualifies"
"single split","whole company","Department = Sales","department = Sales",1,446,92,0.2063,1.279,"supported on the full data only",222,168,61,60,0,0,"Department = Sales & StockOptionLevel < 1","197","0.3249","32.2","32.2","stability","60 children pass size, impact, rate and the test set but are not stable as splits; none qualifies"
"single split","whole company","DistanceFromHome >= 11","distance from home (miles): 11 or more",1,444,93,0.2095,1.299,"supported on the full data only",212,154,61,59,0,0,"DistanceFromHome >= 11 & OverTime = Yes","137","0.4015","32.9","32.9","stability","59 children pass size, impact, rate and the test set but are not stable as splits; none qualifies"
"single split","whole company","TotalWorkingYears < 7","total working years: 6 or less",1,441,113,0.2562,1.589,"supported on the full data only",190,137,87,87,0,0,"TotalWorkingYears < 7 & YearsAtCompany < 5","321","0.3178","50.2","50.2","stability","87 children pass size, impact, rate and the test set but are not stable as splits; none qualifies"
"single split","whole company","MonthlyIncome < 3294","monthly income under $3,294",1,434,119,0.2742,1.701,"supported on the full data only",185,133,92,92,0,0,"MonthlyIncome < 3294 & JobLevel < 2","415","0.2843","51.1","51.1","stability","92 children pass size, impact, rate and the test set but are not stable as splits; none qualifies"
"single split","whole company","YearsAtCompany < 3","years at the company: 2 or less",1,342,102,0.2982,1.85,"supported on the full data only",198,137,93,89,0,0,"YearsAtCompany < 3 & MonthlyIncome < 9985","307","0.3225","49.5","49.5","stability","89 children pass size, impact, rate and the test set but are not stable as splits; none qualifies"
"single split","whole company","YearsWithCurrManager < 2","years with current manager: 1 or less",1,339,96,0.2832,1.756,"supported on the full data only",204,134,92,88,0,0,"YearsWithCurrManager < 2 & MonthlyIncome < 10965","301","0.3156","46.5","46.5","stability","88 children pass size, impact, rate and the test set but are not stable as splits; none qualifies"
"single split","whole company","NumCompaniesWorked >= 5","companies worked for before: 5 or more",1,308,67,0.2175,1.349,"supported on the full data only",218,135,43,43,0,0,"NumCompaniesWorked >= 5 & EnvironmentSatisfaction < 4","210","0.2667","22.1","22.1","stability","43 children pass size, impact, rate and the test set but are not stable as splits; none qualifies"
"single split","whole company","YearsInCurrentRole < 2","years in current role: 1 or less",1,301,84,0.2791,1.731,"supported on the full data only",208,126,89,86,0,0,"YearsInCurrentRole < 2 & YearsWithCurrManager < 2","220","0.3455","40.5","40.5","stability","86 children pass size, impact, rate and the test set but are not stable as splits; none qualifies"
"single split","whole company","JobSatisfaction < 2","job satisfaction = 1",1,289,66,0.2284,1.416,"supported on the full data only",226,136,57,55,0,0,"JobSatisfaction < 2 & StockOptionLevel < 1","123","0.374","26.2","26.2","stability","55 children pass size, impact, rate and the test set but are not stable as splits; none qualifies"
"single split","whole company","MonthlyIncome < 2684","monthly income under $2,684",1,286,90,0.3147,1.952,"supported on the full data only",181,110,77,76,0,0,"MonthlyIncome < 2684 & YearsInCurrentRole < 3","214","0.3738","45.5","45.5","stability","76 children pass size, impact, rate and the test set but are not stable as splits; none qualifies"
"single split","whole company","EnvironmentSatisfaction < 2","environment satisfaction = 1",1,284,72,0.2535,1.572,"supported on the full data only",230,135,78,76,0,0,"EnvironmentSatisfaction < 2 & NumCompaniesWorked >= 1","250","0.28","29.7","29.7","stability","76 children pass size, impact, rate and the test set but are not stable as splits; none qualifies"
"single split","whole company","BusinessTravel = Travel_Frequently","business travel = Travel_Frequently",1,277,69,0.2491,1.545,"supported on the full data only",227,135,66,64,0,0,"BusinessTravel = Travel_Frequently & MonthlyIncome < 4294","113","0.4159","28.8","28.8","stability","64 children pass size, impact, rate and the test set but are not stable as splits; none qualifies"
"single split","whole company","YearsWithCurrManager < 1","years with current manager: under 1 year",1,263,85,0.3232,2.005,"supported on the full data only",196,113,85,81,0,0,"YearsWithCurrManager < 1 & MonthlyIncome < 10239","229","0.3581","45.1","45.1","stability","81 children pass size, impact, rate and the test set but are not stable as splits; none qualifies"
"single split","whole company","JobRole = Laboratory Technician","job role = Laboratory Technician",1,259,62,0.2394,1.485,"supported on the full data only",206,123,55,55,0,0,"JobRole = Laboratory Technician & YearsAtCompany < 8","198","0.2879","25.1","25.1","stability","55 children pass size, impact, rate and the test set but are not stable as splits; none qualifies"
"single split","whole company","YearsInCurrentRole < 1","years in current role: under 1 year",1,244,73,0.2992,1.856,"supported on the full data only",200,105,77,75,0,0,"YearsInCurrentRole < 1 & YearsAtCompany < 2","198","0.3535","38.1","38.1","stability","75 children pass size, impact, rate and the test set but are not stable as splits; none qualifies"
"single split","whole company","TotalWorkingYears < 5","total working years: 4 or less",1,228,75,0.3289,2.04,"supported on the full data only",180,93,69,66,0,0,"TotalWorkingYears < 5 & YearsAtCompany < 4","208","0.351","39.5","39.5","stability","66 children pass size, impact, rate and the test set but are not stable as splits; none qualifies"
"single split","whole company","YearsAtCompany < 2","years at the company: 1 or less",1,215,75,0.3488,2.164,"supported on the full data only",188,91,73,70,0,0,"YearsAtCompany < 2 & JobLevel < 5","208","0.3606","41.5","41.5","stability","70 children pass size, impact, rate and the test set but are not stable as splits; none qualifies"
"single split","whole company","MonthlyIncome < 2314","monthly income under $2,314",1,146,46,0.3151,1.954,"supported on the full data only",175,49,37,37,0,0,"MonthlyIncome < 2314 & StockOptionLevel < 2","124","0.3629","25","25","stability","37 children pass size, impact, rate and the test set but are not stable as splits; none qualifies"
"single split","whole company","TotalWorkingYears < 3","total working years: 2 or less",1,123,54,0.439,2.723,"supported on the full data only",159,25,23,23,0,0,"TotalWorkingYears < 3 & TrainingTimesLastYear < 6","114","0.4561","33.6","33.6","stability","23 children pass size, impact, rate and the test set but are not stable as splits; none qualifies"
