"cut","n","pct_staff","leavers","pct_leavers","rate","lift","wilson_lo","excess","impact_pts","test_n","test_rate","rest_of_overtime_n","rest_of_overtime_rate","rate_vs_rest","gate1_size","gate2_impact","gate3_rate","gate4_heldout","stability_within_overtime","pass_all_five"
2500,70,0.047619,48,0.20253,0.68571,4.2532,0.56973,36.714,2.4976,19,0.63158,346,0.22832,3.0033,FALSE,TRUE,TRUE,FALSE,0.204,FALSE
2800,98,0.066667,58,0.24473,0.59184,3.6709,0.49285,42.2,2.8707,27,0.55556,318,0.21698,2.7276,FALSE,TRUE,TRUE,FALSE,0.344,FALSE
2900,105,0.071429,62,0.2616,0.59048,3.6624,0.49484,45.071,3.0661,30,0.6,311,0.209,2.8252,TRUE,TRUE,TRUE,TRUE,0.56,TRUE
3000,114,0.077551,64,0.27004,0.5614,3.4821,0.46979,45.62,3.1034,31,0.58065,302,0.20861,2.6912,TRUE,TRUE,TRUE,TRUE,0.676,TRUE
3221,122,0.082993,68,0.28692,0.55738,3.4571,0.46883,48.331,3.2878,32,0.59375,294,0.20068,2.7774,TRUE,TRUE,TRUE,TRUE,0.676,TRUE
3500,132,0.089796,73,0.30802,0.55303,3.4302,0.46791,51.718,3.5183,34,0.58824,284,0.19014,2.9085,TRUE,TRUE,TRUE,TRUE,0.67,TRUE
3750,143,0.097279,78,0.32911,0.54545,3.3832,0.46372,54.945,3.7377,38,0.57895,273,0.17949,3.039,TRUE,TRUE,TRUE,TRUE,0.64,TRUE
3900,146,0.09932,78,0.32911,0.53425,3.3137,0.45349,54.461,3.7048,39,0.5641,270,0.18148,2.9438,TRUE,TRUE,TRUE,TRUE,0.602,TRUE
4000,151,0.10272,80,0.33755,0.5298,3.2861,0.45044,55.655,3.7861,40,0.55,265,0.17736,2.9872,TRUE,TRUE,TRUE,TRUE,0.5,FALSE
