"group_a","label_a","group_b","label_b","n_a","n_b","employees_in_common","leavers_in_common","share_of_a_in_b","share_of_b_in_a","jaccard","relation","set_a","set_b"
"g00311","OverTime = Yes & MonthlyIncome < 13964","g07718","StockOptionLevel < 1 & TotalWorkingYears < 16",377,488,140,73,0.37135,0.28689,0.1931,"partial overlap","supported on the full data only","supported on the full data only"
"g00311","OverTime = Yes & MonthlyIncome < 13964","g01762","OverTime = Yes & TotalWorkingYears < 16 & YearsAtCompany < 9",377,247,247,100,0.65517,1,0.65517,"one is inside the other","supported on the full data only","supported on the full data only"
"g00311","OverTime = Yes & MonthlyIncome < 13964","g00001","OverTime = Yes",377,416,377,124,1,0.90625,0.90625,"essentially the same people","supported on the full data only","qualifying"
"g00311","OverTime = Yes & MonthlyIncome < 13964","g06247","JobLevel < 2 & JobInvolvement < 4",377,485,141,79,0.37401,0.29072,0.19556,"partial overlap","supported on the full data only","supported on the full data only"
"g00311","OverTime = Yes & MonthlyIncome < 13964","g00285","OverTime = Yes & JobLevel < 2",377,156,156,82,0.41379,1,0.41379,"one is inside the other","supported on the full data only","supported on the full data only"
"g00311","OverTime = Yes & MonthlyIncome < 13964","g07169","MonthlyIncome < 4227 & JobLevel < 2",377,515,147,80,0.38992,0.28544,0.19732,"partial overlap","supported on the full data only","supported on the full data only"
"g00311","OverTime = Yes & MonthlyIncome < 13964","g00308","OverTime = Yes & MonthlyIncome < 5747",377,243,243,94,0.64456,1,0.64456,"one is inside the other","supported on the full data only","supported on the full data only"
"g00311","OverTime = Yes & MonthlyIncome < 13964","g07664","StockOptionLevel < 1 & JobSatisfaction < 4",377,440,114,61,0.30239,0.25909,0.16216,"partial overlap","supported on the full data only","supported on the full data only"
"g00311","OverTime = Yes & MonthlyIncome < 13964","g01136","YearsInCurrentRole < 3 & MonthlyIncome < 4883",377,444,134,67,0.35544,0.3018,0.19505,"partial overlap","supported on the full data only","supported on the full data only"
"g00311","OverTime = Yes & MonthlyIncome < 13964","g08798","YearsAtCompany < 5 & TotalWorkingYears < 9",377,398,114,62,0.30239,0.28643,0.17247,"partial overlap","supported on the full data only","supported on the full data only"
"g00311","OverTime = Yes & MonthlyIncome < 13964","g07751","StockOptionLevel < 1 & YearsInCurrentRole < 4",377,363,104,56,0.27586,0.2865,0.16352,"partial overlap","supported on the full data only","supported on the full data only"
"g00311","OverTime = Yes & MonthlyIncome < 13964","g06255","JobLevel < 2 & JobSatisfaction < 4",377,376,107,61,0.28382,0.28457,0.16563,"partial overlap","supported on the full data only","supported on the full data only"
"g00311","OverTime = Yes & MonthlyIncome < 13964","g07730","StockOptionLevel < 1 & TrainingTimesLastYear < 5",377,551,152,73,0.40318,0.27586,0.19588,"partial overlap","supported on the full data only","supported on the full data only"
"g00311","OverTime = Yes & MonthlyIncome < 13964","g11167","OverTime = Yes & YearsInCurrentRole < 3 & MonthlyIncome < 13194",377,189,189,82,0.50133,1,0.50133,"one is inside the other","supported on the full data only","supported on the full data only"
"g00311","OverTime = Yes & MonthlyIncome < 13964","g07216","MonthlyIncome < 4227 & StockOptionLevel < 2",377,494,144,72,0.38196,0.2915,0.19807,"partial overlap","supported on the full data only","supported on the full data only"
"g00311","OverTime = Yes & MonthlyIncome < 13964","g06268","JobLevel < 2 & MonthlyIncome < 2996",377,379,109,64,0.28912,0.2876,0.16847,"partial overlap","supported on the full data only","supported on the full data only"
"g00311","OverTime = Yes & MonthlyIncome < 13964","g06310","JobLevel < 2 & TotalWorkingYears < 8",377,387,115,63,0.30504,0.29716,0.1772,"partial overlap","supported on the full data only","supported on the full data only"
"g00311","OverTime = Yes & MonthlyIncome < 13964","g09323","YearsInCurrentRole < 4 & MonthlyIncome < 3867",377,398,114,66,0.30239,0.28643,0.17247,"partial overlap","supported on the full data only","supported on the full data only"
"g00311","OverTime = Yes & MonthlyIncome < 13964","g08625","YearsAtCompany < 3 & MonthlyIncome < 9985",377,307,92,51,0.24403,0.29967,0.15541,"partial overlap","supported on the full data only","supported on the full data only"
"g00311","OverTime = Yes & MonthlyIncome < 13964","g09158","YearsInCurrentRole < 3 & JobSatisfaction < 4",377,463,132,65,0.35013,0.2851,0.18644,"partial overlap","supported on the full data only","supported on the full data only"
"g00311","OverTime = Yes & MonthlyIncome < 13964","g11283","OverTime = Yes & YearsWithCurrManager < 3 & MonthlyIncome < 13194",377,187,187,79,0.49602,1,0.49602,"one is inside the other","supported on the full data only","supported on the full data only"
"g00311","OverTime = Yes & MonthlyIncome < 13964","g00305","OverTime = Yes & MonthlyIncome < 3221",377,122,122,68,0.32361,1,0.32361,"one is inside the other","supported on the full data only","qualifying"
"g00311","OverTime = Yes & MonthlyIncome < 13964","g08208","TotalWorkingYears < 8 & MonthlyIncome < 4999",377,459,134,67,0.35544,0.29194,0.19088,"partial overlap","supported on the full data only","supported on the full data only"
"g00311","OverTime = Yes & MonthlyIncome < 13964","g00774","YearsAtCompany < 5 & YearsInCurrentRole < 3",377,528,155,72,0.41114,0.29356,0.20667,"partial overlap","supported on the full data only","supported on the full data only"
"g00311","OverTime = Yes & MonthlyIncome < 13964","g09376","YearsInCurrentRole < 4 & TotalWorkingYears < 12",377,634,174,79,0.46154,0.27445,0.20789,"partial overlap","supported on the full data only","supported on the full data only"
"g00311","OverTime = Yes & MonthlyIncome < 13964","g09758","YearsWithCurrManager < 3 & MonthlyIncome < 5131",377,462,135,65,0.35809,0.29221,0.19176,"partial overlap","supported on the full data only","supported on the full data only"
"g00311","OverTime = Yes & MonthlyIncome < 13964","g09623","YearsWithCurrManager < 2 & MonthlyIncome < 10965",377,301,91,47,0.24138,0.30233,0.15503,"partial overlap","supported on the full data only","supported on the full data only"
"g00311","OverTime = Yes & MonthlyIncome < 13964","g07270","MonthlyIncome < 4227 & YearsSinceLastPromotion < 2",377,434,120,60,0.3183,0.2765,0.17366,"partial overlap","supported on the full data only","supported on the full data only"
"g07718","StockOptionLevel < 1 & TotalWorkingYears < 16","g01762","OverTime = Yes & TotalWorkingYears < 16 & YearsAtCompany < 9",488,247,117,66,0.23975,0.47368,0.18932,"partial overlap","supported on the full data only","supported on the full data only"
"g07718","StockOptionLevel < 1 & TotalWorkingYears < 16","g00001","OverTime = Yes",488,416,140,73,0.28689,0.33654,0.18325,"partial overlap","supported on the full data only","qualifying"
"g07718","StockOptionLevel < 1 & TotalWorkingYears < 16","g06247","JobLevel < 2 & JobInvolvement < 4",488,485,227,89,0.46516,0.46804,0.30429,"partial overlap","supported on the full data only","supported on the full data only"
"g07718","StockOptionLevel < 1 & TotalWorkingYears < 16","g00285","OverTime = Yes & JobLevel < 2",488,156,74,50,0.15164,0.47436,0.12982,"partial overlap","supported on the full data only","supported on the full data only"
"g07718","StockOptionLevel < 1 & TotalWorkingYears < 16","g07169","MonthlyIncome < 4227 & JobLevel < 2",488,515,241,92,0.49385,0.46796,0.31627,"partial overlap","supported on the full data only","supported on the full data only"
"g07718","StockOptionLevel < 1 & TotalWorkingYears < 16","g00308","OverTime = Yes & MonthlyIncome < 5747",488,243,100,56,0.20492,0.41152,0.15848,"partial overlap","supported on the full data only","supported on the full data only"
"g07718","StockOptionLevel < 1 & TotalWorkingYears < 16","g07664","StockOptionLevel < 1 & JobSatisfaction < 4",488,440,337,111,0.69057,0.76591,0.57022,"partial overlap","supported on the full data only","supported on the full data only"
"g07718","StockOptionLevel < 1 & TotalWorkingYears < 16","g01136","YearsInCurrentRole < 3 & MonthlyIncome < 4883",488,444,205,83,0.42008,0.46171,0.28198,"partial overlap","supported on the full data only","supported on the full data only"
"g07718","StockOptionLevel < 1 & TotalWorkingYears < 16","g08798","YearsAtCompany < 5 & TotalWorkingYears < 9",488,398,193,79,0.39549,0.48492,0.2785,"partial overlap","supported on the full data only","supported on the full data only"
"g07718","StockOptionLevel < 1 & TotalWorkingYears < 16","g07751","StockOptionLevel < 1 & YearsInCurrentRole < 4",488,363,310,105,0.63525,0.85399,0.57301,"partial overlap","supported on the full data only","supported on the full data only"
"g07718","StockOptionLevel < 1 & TotalWorkingYears < 16","g06255","JobLevel < 2 & JobSatisfaction < 4",488,376,177,76,0.3627,0.47074,0.25764,"partial overlap","supported on the full data only","supported on the full data only"
"g07718","StockOptionLevel < 1 & TotalWorkingYears < 16","g07730","StockOptionLevel < 1 & TrainingTimesLastYear < 5",488,551,418,126,0.85656,0.75862,0.67311,"partial overlap","supported on the full data only","supported on the full data only"
"g07718","StockOptionLevel < 1 & TotalWorkingYears < 16","g11167","OverTime = Yes & YearsInCurrentRole < 3 & MonthlyIncome < 13194",488,189,82,50,0.16803,0.43386,0.13782,"partial overlap","supported on the full data only","supported on the full data only"
"g07718","StockOptionLevel < 1 & TotalWorkingYears < 16","g07216","MonthlyIncome < 4227 & StockOptionLevel < 2",488,494,261,93,0.53484,0.52834,0.362,"partial overlap","supported on the full data only","supported on the full data only"
"g07718","StockOptionLevel < 1 & TotalWorkingYears < 16","g06268","JobLevel < 2 & MonthlyIncome < 2996",488,379,177,74,0.3627,0.46702,0.25652,"partial overlap","supported on the full data only","supported on the full data only"
"g07718","StockOptionLevel < 1 & TotalWorkingYears < 16","g06310","JobLevel < 2 & TotalWorkingYears < 8",488,387,189,76,0.3873,0.48837,0.27551,"partial overlap","supported on the full data only","supported on the full data only"
"g07718","StockOptionLevel < 1 & TotalWorkingYears < 16","g09323","YearsInCurrentRole < 4 & MonthlyIncome < 3867",488,398,188,76,0.38525,0.47236,0.26934,"partial overlap","supported on the full data only","supported on the full data only"
"g07718","StockOptionLevel < 1 & TotalWorkingYears < 16","g08625","YearsAtCompany < 3 & MonthlyIncome < 9985",488,307,144,66,0.29508,0.46906,0.2212,"partial overlap","supported on the full data only","supported on the full data only"
"g07718","StockOptionLevel < 1 & TotalWorkingYears < 16","g09158","YearsInCurrentRole < 3 & JobSatisfaction < 4",488,463,192,79,0.39344,0.41469,0.25296,"partial overlap","supported on the full data only","supported on the full data only"
"g07718","StockOptionLevel < 1 & TotalWorkingYears < 16","g11283","OverTime = Yes & YearsWithCurrManager < 3 & MonthlyIncome < 13194",488,187,81,46,0.16598,0.43316,0.13636,"partial overlap","supported on the full data only","supported on the full data only"
"g07718","StockOptionLevel < 1 & TotalWorkingYears < 16","g00305","OverTime = Yes & MonthlyIncome < 3221",488,122,61,43,0.125,0.5,0.11111,"partial overlap","supported on the full data only","qualifying"
"g07718","StockOptionLevel < 1 & TotalWorkingYears < 16","g08208","TotalWorkingYears < 8 & MonthlyIncome < 4999",488,459,219,80,0.44877,0.47712,0.30082,"partial overlap","supported on the full data only","supported on the full data only"
"g07718","StockOptionLevel < 1 & TotalWorkingYears < 16","g00774","YearsAtCompany < 5 & YearsInCurrentRole < 3",488,528,218,85,0.44672,0.41288,0.27318,"partial overlap","supported on the full data only","supported on the full data only"
"g07718","StockOptionLevel < 1 & TotalWorkingYears < 16","g09376","YearsInCurrentRole < 4 & TotalWorkingYears < 12",488,634,292,101,0.59836,0.46057,0.35181,"partial overlap","supported on the full data only","supported on the full data only"
"g07718","StockOptionLevel < 1 & TotalWorkingYears < 16","g09758","YearsWithCurrManager < 3 & MonthlyIncome < 5131",488,462,206,78,0.42213,0.44589,0.27688,"partial overlap","supported on the full data only","supported on the full data only"
"g07718","StockOptionLevel < 1 & TotalWorkingYears < 16","g09623","YearsWithCurrManager < 2 & MonthlyIncome < 10965",488,301,139,61,0.28484,0.46179,0.21385,"partial overlap","supported on the full data only","supported on the full data only"
"g07718","StockOptionLevel < 1 & TotalWorkingYears < 16","g07270","MonthlyIncome < 4227 & YearsSinceLastPromotion < 2",488,434,204,78,0.41803,0.47005,0.28412,"partial overlap","supported on the full data only","supported on the full data only"
"g01762","OverTime = Yes & TotalWorkingYears < 16 & YearsAtCompany < 9","g00001","OverTime = Yes",247,416,247,100,1,0.59375,0.59375,"one is inside the other","supported on the full data only","qualifying"
"g01762","OverTime = Yes & TotalWorkingYears < 16 & YearsAtCompany < 9","g06247","JobLevel < 2 & JobInvolvement < 4",247,485,126,72,0.51012,0.25979,0.20792,"partial overlap","supported on the full data only","supported on the full data only"
"g01762","OverTime = Yes & TotalWorkingYears < 16 & YearsAtCompany < 9","g00285","OverTime = Yes & JobLevel < 2",247,156,140,75,0.5668,0.89744,0.53232,"partial overlap","supported on the full data only","supported on the full data only"
"g01762","OverTime = Yes & TotalWorkingYears < 16 & YearsAtCompany < 9","g07169","MonthlyIncome < 4227 & JobLevel < 2",247,515,134,73,0.54251,0.26019,0.21338,"partial overlap","supported on the full data only","supported on the full data only"
"g01762","OverTime = Yes & TotalWorkingYears < 16 & YearsAtCompany < 9","g00308","OverTime = Yes & MonthlyIncome < 5747",247,243,187,83,0.75709,0.76955,0.61716,"partial overlap","supported on the full data only","supported on the full data only"
"g01762","OverTime = Yes & TotalWorkingYears < 16 & YearsAtCompany < 9","g07664","StockOptionLevel < 1 & JobSatisfaction < 4",247,440,83,51,0.33603,0.18864,0.13742,"partial overlap","supported on the full data only","supported on the full data only"
"g01762","OverTime = Yes & TotalWorkingYears < 16 & YearsAtCompany < 9","g01136","YearsInCurrentRole < 3 & MonthlyIncome < 4883",247,444,122,63,0.49393,0.27477,0.21441,"partial overlap","supported on the full data only","supported on the full data only"
"g01762","OverTime = Yes & TotalWorkingYears < 16 & YearsAtCompany < 9","g08798","YearsAtCompany < 5 & TotalWorkingYears < 9",247,398,114,62,0.46154,0.28643,0.21469,"partial overlap","supported on the full data only","supported on the full data only"
"g01762","OverTime = Yes & TotalWorkingYears < 16 & YearsAtCompany < 9","g07751","StockOptionLevel < 1 & YearsInCurrentRole < 4",247,363,86,52,0.34818,0.23691,0.16412,"partial overlap","supported on the full data only","supported on the full data only"
"g01762","OverTime = Yes & TotalWorkingYears < 16 & YearsAtCompany < 9","g06255","JobLevel < 2 & JobSatisfaction < 4",247,376,92,55,0.37247,0.24468,0.17326,"partial overlap","supported on the full data only","supported on the full data only"
"g01762","OverTime = Yes & TotalWorkingYears < 16 & YearsAtCompany < 9","g07730","StockOptionLevel < 1 & TrainingTimesLastYear < 5",247,551,104,60,0.42105,0.18875,0.14986,"partial overlap","supported on the full data only","supported on the full data only"
"g01762","OverTime = Yes & TotalWorkingYears < 16 & YearsAtCompany < 9","g11167","OverTime = Yes & YearsInCurrentRole < 3 & MonthlyIncome < 13194",247,189,155,73,0.62753,0.82011,0.5516,"partial overlap","supported on the full data only","supported on the full data only"
"g01762","OverTime = Yes & TotalWorkingYears < 16 & YearsAtCompany < 9","g07216","MonthlyIncome < 4227 & StockOptionLevel < 2",247,494,125,67,0.50607,0.25304,0.20292,"partial overlap","supported on the full data only","supported on the full data only"
"g01762","OverTime = Yes & TotalWorkingYears < 16 & YearsAtCompany < 9","g06268","JobLevel < 2 & MonthlyIncome < 2996",247,379,101,60,0.40891,0.26649,0.19238,"partial overlap","supported on the full data only","supported on the full data only"
"g01762","OverTime = Yes & TotalWorkingYears < 16 & YearsAtCompany < 9","g06310","JobLevel < 2 & TotalWorkingYears < 8",247,387,115,63,0.46559,0.29716,0.22158,"partial overlap","supported on the full data only","supported on the full data only"
"g01762","OverTime = Yes & TotalWorkingYears < 16 & YearsAtCompany < 9","g09323","YearsInCurrentRole < 4 & MonthlyIncome < 3867",247,398,109,63,0.4413,0.27387,0.20336,"partial overlap","supported on the full data only","supported on the full data only"
"g01762","OverTime = Yes & TotalWorkingYears < 16 & YearsAtCompany < 9","g08625","YearsAtCompany < 3 & MonthlyIncome < 9985",247,307,80,47,0.32389,0.26059,0.16878,"partial overlap","supported on the full data only","supported on the full data only"
"g01762","OverTime = Yes & TotalWorkingYears < 16 & YearsAtCompany < 9","g09158","YearsInCurrentRole < 3 & JobSatisfaction < 4",247,463,103,55,0.417,0.22246,0.16969,"partial overlap","supported on the full data only","supported on the full data only"
"g01762","OverTime = Yes & TotalWorkingYears < 16 & YearsAtCompany < 9","g11283","OverTime = Yes & YearsWithCurrManager < 3 & MonthlyIncome < 13194",247,187,159,74,0.64372,0.85027,0.57818,"partial overlap","supported on the full data only","supported on the full data only"
"g01762","OverTime = Yes & TotalWorkingYears < 16 & YearsAtCompany < 9","g00305","OverTime = Yes & MonthlyIncome < 3221",247,122,111,63,0.44939,0.90984,0.43023,"one is inside the other","supported on the full data only","qualifying"
"g01762","OverTime = Yes & TotalWorkingYears < 16 & YearsAtCompany < 9","g08208","TotalWorkingYears < 8 & MonthlyIncome < 4999",247,459,134,67,0.54251,0.29194,0.23427,"partial overlap","supported on the full data only","supported on the full data only"
"g01762","OverTime = Yes & TotalWorkingYears < 16 & YearsAtCompany < 9","g00774","YearsAtCompany < 5 & YearsInCurrentRole < 3",247,528,131,66,0.53036,0.24811,0.20342,"partial overlap","supported on the full data only","supported on the full data only"
"g01762","OverTime = Yes & TotalWorkingYears < 16 & YearsAtCompany < 9","g09376","YearsInCurrentRole < 4 & TotalWorkingYears < 12",247,634,165,76,0.66802,0.26025,0.23045,"partial overlap","supported on the full data only","supported on the full data only"
"g01762","OverTime = Yes & TotalWorkingYears < 16 & YearsAtCompany < 9","g09758","YearsWithCurrManager < 3 & MonthlyIncome < 5131",247,462,123,64,0.49798,0.26623,0.2099,"partial overlap","supported on the full data only","supported on the full data only"
"g01762","OverTime = Yes & TotalWorkingYears < 16 & YearsAtCompany < 9","g09623","YearsWithCurrManager < 2 & MonthlyIncome < 10965",247,301,76,43,0.30769,0.25249,0.16102,"partial overlap","supported on the full data only","supported on the full data only"
"g01762","OverTime = Yes & TotalWorkingYears < 16 & YearsAtCompany < 9","g07270","MonthlyIncome < 4227 & YearsSinceLastPromotion < 2",247,434,109,59,0.4413,0.25115,0.19056,"partial overlap","supported on the full data only","supported on the full data only"
"g00001","OverTime = Yes","g06247","JobLevel < 2 & JobInvolvement < 4",416,485,141,79,0.33894,0.29072,0.18553,"partial overlap","qualifying","supported on the full data only"
"g00001","OverTime = Yes","g00285","OverTime = Yes & JobLevel < 2",416,156,156,82,0.375,1,0.375,"one is inside the other","qualifying","supported on the full data only"
"g00001","OverTime = Yes","g07169","MonthlyIncome < 4227 & JobLevel < 2",416,515,147,80,0.35337,0.28544,0.1875,"partial overlap","qualifying","supported on the full data only"
"g00001","OverTime = Yes","g00308","OverTime = Yes & MonthlyIncome < 5747",416,243,243,94,0.58413,1,0.58413,"one is inside the other","qualifying","supported on the full data only"
"g00001","OverTime = Yes","g07664","StockOptionLevel < 1 & JobSatisfaction < 4",416,440,125,63,0.30048,0.28409,0.171,"partial overlap","qualifying","supported on the full data only"
"g00001","OverTime = Yes","g01136","YearsInCurrentRole < 3 & MonthlyIncome < 4883",416,444,134,67,0.32212,0.3018,0.18457,"partial overlap","qualifying","supported on the full data only"
"g00001","OverTime = Yes","g08798","YearsAtCompany < 5 & TotalWorkingYears < 9",416,398,114,62,0.27404,0.28643,0.16286,"partial overlap","qualifying","supported on the full data only"
"g00001","OverTime = Yes","g07751","StockOptionLevel < 1 & YearsInCurrentRole < 4",416,363,110,56,0.26442,0.30303,0.16442,"partial overlap","qualifying","supported on the full data only"
"g00001","OverTime = Yes","g06255","JobLevel < 2 & JobSatisfaction < 4",416,376,107,61,0.25721,0.28457,0.1562,"partial overlap","qualifying","supported on the full data only"
"g00001","OverTime = Yes","g07730","StockOptionLevel < 1 & TrainingTimesLastYear < 5",416,551,167,75,0.40144,0.30309,0.20875,"partial overlap","qualifying","supported on the full data only"
"g00001","OverTime = Yes","g11167","OverTime = Yes & YearsInCurrentRole < 3 & MonthlyIncome < 13194",416,189,189,82,0.45433,1,0.45433,"one is inside the other","qualifying","supported on the full data only"
"g00001","OverTime = Yes","g07216","MonthlyIncome < 4227 & StockOptionLevel < 2",416,494,144,72,0.34615,0.2915,0.18799,"partial overlap","qualifying","supported on the full data only"
"g00001","OverTime = Yes","g06268","JobLevel < 2 & MonthlyIncome < 2996",416,379,109,64,0.26202,0.2876,0.15889,"partial overlap","qualifying","supported on the full data only"
"g00001","OverTime = Yes","g06310","JobLevel < 2 & TotalWorkingYears < 8",416,387,115,63,0.27644,0.29716,0.16715,"partial overlap","qualifying","supported on the full data only"
"g00001","OverTime = Yes","g09323","YearsInCurrentRole < 4 & MonthlyIncome < 3867",416,398,114,66,0.27404,0.28643,0.16286,"partial overlap","qualifying","supported on the full data only"
"g00001","OverTime = Yes","g08625","YearsAtCompany < 3 & MonthlyIncome < 9985",416,307,92,51,0.22115,0.29967,0.1458,"partial overlap","qualifying","supported on the full data only"
"g00001","OverTime = Yes","g09158","YearsInCurrentRole < 3 & JobSatisfaction < 4",416,463,140,66,0.33654,0.30238,0.18945,"partial overlap","qualifying","supported on the full data only"
"g00001","OverTime = Yes","g11283","OverTime = Yes & YearsWithCurrManager < 3 & MonthlyIncome < 13194",416,187,187,79,0.44952,1,0.44952,"one is inside the other","qualifying","supported on the full data only"
"g00001","OverTime = Yes","g00305","OverTime = Yes & MonthlyIncome < 3221",416,122,122,68,0.29327,1,0.29327,"one is inside the other","qualifying","qualifying"
"g00001","OverTime = Yes","g08208","TotalWorkingYears < 8 & MonthlyIncome < 4999",416,459,134,67,0.32212,0.29194,0.18084,"partial overlap","qualifying","supported on the full data only"
"g00001","OverTime = Yes","g00774","YearsAtCompany < 5 & YearsInCurrentRole < 3",416,528,163,72,0.39183,0.30871,0.20871,"partial overlap","qualifying","supported on the full data only"
"g00001","OverTime = Yes","g09376","YearsInCurrentRole < 4 & TotalWorkingYears < 12",416,634,174,79,0.41827,0.27445,0.19863,"partial overlap","qualifying","supported on the full data only"
"g00001","OverTime = Yes","g09758","YearsWithCurrManager < 3 & MonthlyIncome < 5131",416,462,135,65,0.32452,0.29221,0.1817,"partial overlap","qualifying","supported on the full data only"
"g00001","OverTime = Yes","g09623","YearsWithCurrManager < 2 & MonthlyIncome < 10965",416,301,91,47,0.21875,0.30233,0.14537,"partial overlap","qualifying","supported on the full data only"
"g00001","OverTime = Yes","g07270","MonthlyIncome < 4227 & YearsSinceLastPromotion < 2",416,434,120,60,0.28846,0.2765,0.16438,"partial overlap","qualifying","supported on the full data only"
"g06247","JobLevel < 2 & JobInvolvement < 4","g00285","OverTime = Yes & JobLevel < 2",485,156,141,79,0.29072,0.90385,0.282,"one is inside the other","supported on the full data only","supported on the full data only"
"g06247","JobLevel < 2 & JobInvolvement < 4","g07169","MonthlyIncome < 4227 & JobLevel < 2",485,515,462,132,0.95258,0.89709,0.85874,"essentially the same people","supported on the full data only","supported on the full data only"
"g06247","JobLevel < 2 & JobInvolvement < 4","g00308","OverTime = Yes & MonthlyIncome < 5747",485,243,141,79,0.29072,0.58025,0.2402,"partial overlap","supported on the full data only","supported on the full data only"
"g06247","JobLevel < 2 & JobInvolvement < 4","g07664","StockOptionLevel < 1 & JobSatisfaction < 4",485,440,162,71,0.33402,0.36818,0.21232,"partial overlap","supported on the full data only","supported on the full data only"
"g06247","JobLevel < 2 & JobInvolvement < 4","g01136","YearsInCurrentRole < 3 & MonthlyIncome < 4883",485,444,328,107,0.67629,0.73874,0.54576,"partial overlap","supported on the full data only","supported on the full data only"
"g06247","JobLevel < 2 & JobInvolvement < 4","g08798","YearsAtCompany < 5 & TotalWorkingYears < 9",485,398,288,96,0.59381,0.72362,0.48403,"partial overlap","supported on the full data only","supported on the full data only"
"g06247","JobLevel < 2 & JobInvolvement < 4","g07751","StockOptionLevel < 1 & YearsInCurrentRole < 4",485,363,176,77,0.36289,0.48485,0.2619,"partial overlap","supported on the full data only","supported on the full data only"
"g06247","JobLevel < 2 & JobInvolvement < 4","g06255","JobLevel < 2 & JobSatisfaction < 4",485,376,336,106,0.69278,0.89362,0.64,"partial overlap","supported on the full data only","supported on the full data only"
"g06247","JobLevel < 2 & JobInvolvement < 4","g07730","StockOptionLevel < 1 & TrainingTimesLastYear < 5",485,551,196,79,0.40412,0.35572,0.23333,"partial overlap","supported on the full data only","supported on the full data only"
"g06247","JobLevel < 2 & JobInvolvement < 4","g11167","OverTime = Yes & YearsInCurrentRole < 3 & MonthlyIncome < 13194",485,189,101,60,0.20825,0.53439,0.17627,"partial overlap","supported on the full data only","supported on the full data only"
"g06247","JobLevel < 2 & JobInvolvement < 4","g07216","MonthlyIncome < 4227 & StockOptionLevel < 2",485,494,400,122,0.82474,0.80972,0.69085,"partial overlap","supported on the full data only","supported on the full data only"
"g06247","JobLevel < 2 & JobInvolvement < 4","g06268","JobLevel < 2 & MonthlyIncome < 2996",485,379,341,105,0.70309,0.89974,0.65201,"partial overlap","supported on the full data only","supported on the full data only"
"g06247","JobLevel < 2 & JobInvolvement < 4","g06310","JobLevel < 2 & TotalWorkingYears < 8",485,387,348,108,0.71753,0.89922,0.66412,"partial overlap","supported on the full data only","supported on the full data only"
"g06247","JobLevel < 2 & JobInvolvement < 4","g09323","YearsInCurrentRole < 4 & MonthlyIncome < 3867",485,398,347,107,0.71546,0.87186,0.64739,"partial overlap","supported on the full data only","supported on the full data only"
"g06247","JobLevel < 2 & JobInvolvement < 4","g08625","YearsAtCompany < 3 & MonthlyIncome < 9985",485,307,193,74,0.39794,0.62866,0.3222,"partial overlap","supported on the full data only","supported on the full data only"
"g06247","JobLevel < 2 & JobInvolvement < 4","g09158","YearsInCurrentRole < 3 & JobSatisfaction < 4",485,463,227,83,0.46804,0.49028,0.31484,"partial overlap","supported on the full data only","supported on the full data only"
"g06247","JobLevel < 2 & JobInvolvement < 4","g11283","OverTime = Yes & YearsWithCurrManager < 3 & MonthlyIncome < 13194",485,187,103,59,0.21237,0.5508,0.18102,"partial overlap","supported on the full data only","supported on the full data only"
"g06247","JobLevel < 2 & JobInvolvement < 4","g00305","OverTime = Yes & MonthlyIncome < 3221",485,122,106,65,0.21856,0.86885,0.21158,"partial overlap","supported on the full data only","qualifying"
"g06247","JobLevel < 2 & JobInvolvement < 4","g08208","TotalWorkingYears < 8 & MonthlyIncome < 4999",485,459,348,108,0.71753,0.75817,0.58389,"partial overlap","supported on the full data only","supported on the full data only"
"g06247","JobLevel < 2 & JobInvolvement < 4","g00774","YearsAtCompany < 5 & YearsInCurrentRole < 3",485,528,283,96,0.58351,0.53598,0.38767,"partial overlap","supported on the full data only","supported on the full data only"
"g06247","JobLevel < 2 & JobInvolvement < 4","g09376","YearsInCurrentRole < 4 & TotalWorkingYears < 12",485,634,368,113,0.75876,0.58044,0.49001,"partial overlap","supported on the full data only","supported on the full data only"
"g06247","JobLevel < 2 & JobInvolvement < 4","g09758","YearsWithCurrManager < 3 & MonthlyIncome < 5131",485,462,329,103,0.67835,0.71212,0.53236,"partial overlap","supported on the full data only","supported on the full data only"
"g06247","JobLevel < 2 & JobInvolvement < 4","g09623","YearsWithCurrManager < 2 & MonthlyIncome < 10965",485,301,165,68,0.34021,0.54817,0.2657,"partial overlap","supported on the full data only","supported on the full data only"
"g06247","JobLevel < 2 & JobInvolvement < 4","g07270","MonthlyIncome < 4227 & YearsSinceLastPromotion < 2",485,434,345,106,0.71134,0.79493,0.60105,"partial overlap","supported on the full data only","supported on the full data only"
"g00285","OverTime = Yes & JobLevel < 2","g07169","MonthlyIncome < 4227 & JobLevel < 2",156,515,147,80,0.94231,0.28544,0.28053,"one is inside the other","supported on the full data only","supported on the full data only"
"g00285","OverTime = Yes & JobLevel < 2","g00308","OverTime = Yes & MonthlyIncome < 5747",156,243,156,82,1,0.64198,0.64198,"one is inside the other","supported on the full data only","supported on the full data only"
"g00285","OverTime = Yes & JobLevel < 2","g07664","StockOptionLevel < 1 & JobSatisfaction < 4",156,440,52,38,0.33333,0.11818,0.095588,"partial overlap","supported on the full data only","supported on the full data only"
"g00285","OverTime = Yes & JobLevel < 2","g01136","YearsInCurrentRole < 3 & MonthlyIncome < 4883",156,444,112,63,0.71795,0.25225,0.22951,"partial overlap","supported on the full data only","supported on the full data only"
"g00285","OverTime = Yes & JobLevel < 2","g08798","YearsAtCompany < 5 & TotalWorkingYears < 9",156,398,95,54,0.60897,0.23869,0.20697,"partial overlap","supported on the full data only","supported on the full data only"
"g00285","OverTime = Yes & JobLevel < 2","g07751","StockOptionLevel < 1 & YearsInCurrentRole < 4",156,363,61,44,0.39103,0.16804,0.13319,"partial overlap","supported on the full data only","supported on the full data only"
"g00285","OverTime = Yes & JobLevel < 2","g06255","JobLevel < 2 & JobSatisfaction < 4",156,376,107,61,0.6859,0.28457,0.25176,"partial overlap","supported on the full data only","supported on the full data only"
"g00285","OverTime = Yes & JobLevel < 2","g07730","StockOptionLevel < 1 & TrainingTimesLastYear < 5",156,551,64,43,0.41026,0.11615,0.099533,"partial overlap","supported on the full data only","supported on the full data only"
"g00285","OverTime = Yes & JobLevel < 2","g11167","OverTime = Yes & YearsInCurrentRole < 3 & MonthlyIncome < 13194",156,189,112,63,0.71795,0.59259,0.48069,"partial overlap","supported on the full data only","supported on the full data only"
"g00285","OverTime = Yes & JobLevel < 2","g07216","MonthlyIncome < 4227 & StockOptionLevel < 2",156,494,126,71,0.80769,0.25506,0.24046,"partial overlap","supported on the full data only","supported on the full data only"
"g00285","OverTime = Yes & JobLevel < 2","g06268","JobLevel < 2 & MonthlyIncome < 2996",156,379,109,64,0.69872,0.2876,0.25587,"partial overlap","supported on the full data only","supported on the full data only"
"g00285","OverTime = Yes & JobLevel < 2","g06310","JobLevel < 2 & TotalWorkingYears < 8",156,387,115,63,0.73718,0.29716,0.26869,"partial overlap","supported on the full data only","supported on the full data only"
"g00285","OverTime = Yes & JobLevel < 2","g09323","YearsInCurrentRole < 4 & MonthlyIncome < 3867",156,398,112,66,0.71795,0.28141,0.25339,"partial overlap","supported on the full data only","supported on the full data only"
"g00285","OverTime = Yes & JobLevel < 2","g08625","YearsAtCompany < 3 & MonthlyIncome < 9985",156,307,65,40,0.41667,0.21173,0.16332,"partial overlap","supported on the full data only","supported on the full data only"
"g00285","OverTime = Yes & JobLevel < 2","g09158","YearsInCurrentRole < 3 & JobSatisfaction < 4",156,463,77,47,0.49359,0.16631,0.14207,"partial overlap","supported on the full data only","supported on the full data only"
"g00285","OverTime = Yes & JobLevel < 2","g11283","OverTime = Yes & YearsWithCurrManager < 3 & MonthlyIncome < 13194",156,187,111,61,0.71154,0.59358,0.47845,"partial overlap","supported on the full data only","supported on the full data only"
"g00285","OverTime = Yes & JobLevel < 2","g00305","OverTime = Yes & MonthlyIncome < 3221",156,122,118,68,0.75641,0.96721,0.7375,"essentially the same people","supported on the full data only","qualifying"
"g00285","OverTime = Yes & JobLevel < 2","g08208","TotalWorkingYears < 8 & MonthlyIncome < 4999",156,459,115,63,0.73718,0.25054,0.23,"partial overlap","supported on the full data only","supported on the full data only"
"g00285","OverTime = Yes & JobLevel < 2","g00774","YearsAtCompany < 5 & YearsInCurrentRole < 3",156,528,98,55,0.62821,0.18561,0.16724,"partial overlap","supported on the full data only","supported on the full data only"
"g00285","OverTime = Yes & JobLevel < 2","g09376","YearsInCurrentRole < 4 & TotalWorkingYears < 12",156,634,118,66,0.75641,0.18612,0.1756,"partial overlap","supported on the full data only","supported on the full data only"
"g00285","OverTime = Yes & JobLevel < 2","g09758","YearsWithCurrManager < 3 & MonthlyIncome < 5131",156,462,111,61,0.71154,0.24026,0.21893,"partial overlap","supported on the full data only","supported on the full data only"
"g00285","OverTime = Yes & JobLevel < 2","g09623","YearsWithCurrManager < 2 & MonthlyIncome < 10965",156,301,56,38,0.35897,0.18605,0.13965,"partial overlap","supported on the full data only","supported on the full data only"
"g00285","OverTime = Yes & JobLevel < 2","g07270","MonthlyIncome < 4227 & YearsSinceLastPromotion < 2",156,434,103,59,0.66026,0.23733,0.2115,"partial overlap","supported on the full data only","supported on the full data only"
"g07169","MonthlyIncome < 4227 & JobLevel < 2","g00308","OverTime = Yes & MonthlyIncome < 5747",515,243,147,80,0.28544,0.60494,0.24059,"partial overlap","supported on the full data only","supported on the full data only"
"g07169","MonthlyIncome < 4227 & JobLevel < 2","g07664","StockOptionLevel < 1 & JobSatisfaction < 4",515,440,173,75,0.33592,0.39318,0.22123,"partial overlap","supported on the full data only","supported on the full data only"
"g07169","MonthlyIncome < 4227 & JobLevel < 2","g01136","YearsInCurrentRole < 3 & MonthlyIncome < 4883",515,444,350,110,0.67961,0.78829,0.57471,"partial overlap","supported on the full data only","supported on the full data only"
"g07169","MonthlyIncome < 4227 & JobLevel < 2","g08798","YearsAtCompany < 5 & TotalWorkingYears < 9",515,398,308,99,0.59806,0.77387,0.50909,"partial overlap","supported on the full data only","supported on the full data only"
"g07169","MonthlyIncome < 4227 & JobLevel < 2","g07751","StockOptionLevel < 1 & YearsInCurrentRole < 4",515,363,192,80,0.37282,0.52893,0.27988,"partial overlap","supported on the full data only","supported on the full data only"
"g07169","MonthlyIncome < 4227 & JobLevel < 2","g06255","JobLevel < 2 & JobSatisfaction < 4",515,376,359,110,0.69709,0.95479,0.67481,"one is inside the other","supported on the full data only","supported on the full data only"
"g07169","MonthlyIncome < 4227 & JobLevel < 2","g07730","StockOptionLevel < 1 & TrainingTimesLastYear < 5",515,551,209,83,0.40583,0.37931,0.24387,"partial overlap","supported on the full data only","supported on the full data only"
"g07169","MonthlyIncome < 4227 & JobLevel < 2","g11167","OverTime = Yes & YearsInCurrentRole < 3 & MonthlyIncome < 13194",515,189,107,62,0.20777,0.56614,0.17923,"partial overlap","supported on the full data only","supported on the full data only"
"g07169","MonthlyIncome < 4227 & JobLevel < 2","g07216","MonthlyIncome < 4227 & StockOptionLevel < 2",515,494,439,128,0.85243,0.88866,0.77018,"essentially the same people","supported on the full data only","supported on the full data only"
"g07169","MonthlyIncome < 4227 & JobLevel < 2","g06268","JobLevel < 2 & MonthlyIncome < 2996",515,379,379,112,0.73592,1,0.73592,"essentially the same people","supported on the full data only","supported on the full data only"
"g07169","MonthlyIncome < 4227 & JobLevel < 2","g06310","JobLevel < 2 & TotalWorkingYears < 8",515,387,369,109,0.7165,0.95349,0.69231,"one is inside the other","supported on the full data only","supported on the full data only"
"g07169","MonthlyIncome < 4227 & JobLevel < 2","g09323","YearsInCurrentRole < 4 & MonthlyIncome < 3867",515,398,382,113,0.74175,0.9598,0.7194,"essentially the same people","supported on the full data only","supported on the full data only"
"g07169","MonthlyIncome < 4227 & JobLevel < 2","g08625","YearsAtCompany < 3 & MonthlyIncome < 9985",515,307,208,77,0.40388,0.67752,0.33876,"partial overlap","supported on the full data only","supported on the full data only"
"g07169","MonthlyIncome < 4227 & JobLevel < 2","g09158","YearsInCurrentRole < 3 & JobSatisfaction < 4",515,463,243,87,0.47184,0.52484,0.33061,"partial overlap","supported on the full data only","supported on the full data only"
"g07169","MonthlyIncome < 4227 & JobLevel < 2","g11283","OverTime = Yes & YearsWithCurrManager < 3 & MonthlyIncome < 13194",515,187,107,60,0.20777,0.57219,0.17983,"partial overlap","supported on the full data only","supported on the full data only"
"g07169","MonthlyIncome < 4227 & JobLevel < 2","g00305","OverTime = Yes & MonthlyIncome < 3221",515,122,118,68,0.22913,0.96721,0.22736,"one is inside the other","supported on the full data only","qualifying"
"g07169","MonthlyIncome < 4227 & JobLevel < 2","g08208","TotalWorkingYears < 8 & MonthlyIncome < 4999",515,459,369,109,0.7165,0.80392,0.60992,"partial overlap","supported on the full data only","supported on the full data only"
"g07169","MonthlyIncome < 4227 & JobLevel < 2","g00774","YearsAtCompany < 5 & YearsInCurrentRole < 3",515,528,305,99,0.59223,0.57765,0.41328,"partial overlap","supported on the full data only","supported on the full data only"
"g07169","MonthlyIncome < 4227 & JobLevel < 2","g09376","YearsInCurrentRole < 4 & TotalWorkingYears < 12",515,634,390,116,0.75728,0.61514,0.51383,"partial overlap","supported on the full data only","supported on the full data only"
"g07169","MonthlyIncome < 4227 & JobLevel < 2","g09758","YearsWithCurrManager < 3 & MonthlyIncome < 5131",515,462,350,105,0.67961,0.75758,0.55821,"partial overlap","supported on the full data only","supported on the full data only"
"g07169","MonthlyIncome < 4227 & JobLevel < 2","g09623","YearsWithCurrManager < 2 & MonthlyIncome < 10965",515,301,176,71,0.34175,0.58472,0.275,"partial overlap","supported on the full data only","supported on the full data only"
"g07169","MonthlyIncome < 4227 & JobLevel < 2","g07270","MonthlyIncome < 4227 & YearsSinceLastPromotion < 2",515,434,383,111,0.74369,0.88249,0.67668,"partial overlap","supported on the full data only","supported on the full data only"
"g00308","OverTime = Yes & MonthlyIncome < 5747","g07664","StockOptionLevel < 1 & JobSatisfaction < 4",243,440,76,43,0.31276,0.17273,0.12521,"partial overlap","supported on the full data only","supported on the full data only"
"g00308","OverTime = Yes & MonthlyIncome < 5747","g01136","YearsInCurrentRole < 3 & MonthlyIncome < 4883",243,444,134,67,0.55144,0.3018,0.24231,"partial overlap","supported on the full data only","supported on the full data only"
"g00308","OverTime = Yes & MonthlyIncome < 5747","g08798","YearsAtCompany < 5 & TotalWorkingYears < 9",243,398,108,59,0.44444,0.27136,0.20263,"partial overlap","supported on the full data only","supported on the full data only"
"g00308","OverTime = Yes & MonthlyIncome < 5747","g07751","StockOptionLevel < 1 & YearsInCurrentRole < 4",243,363,77,48,0.31687,0.21212,0.14556,"partial overlap","supported on the full data only","supported on the full data only"
"g00308","OverTime = Yes & MonthlyIncome < 5747","g06255","JobLevel < 2 & JobSatisfaction < 4",243,376,107,61,0.44033,0.28457,0.20898,"partial overlap","supported on the full data only","supported on the full data only"
"g00308","OverTime = Yes & MonthlyIncome < 5747","g07730","StockOptionLevel < 1 & TrainingTimesLastYear < 5",243,551,98,51,0.40329,0.17786,0.1408,"partial overlap","supported on the full data only","supported on the full data only"
"g00308","OverTime = Yes & MonthlyIncome < 5747","g11167","OverTime = Yes & YearsInCurrentRole < 3 & MonthlyIncome < 13194",243,189,145,71,0.59671,0.7672,0.50523,"partial overlap","supported on the full data only","supported on the full data only"
"g00308","OverTime = Yes & MonthlyIncome < 5747","g07216","MonthlyIncome < 4227 & StockOptionLevel < 2",243,494,144,72,0.59259,0.2915,0.24283,"partial overlap","supported on the full data only","supported on the full data only"
"g00308","OverTime = Yes & MonthlyIncome < 5747","g06268","JobLevel < 2 & MonthlyIncome < 2996",243,379,109,64,0.44856,0.2876,0.21248,"partial overlap","supported on the full data only","supported on the full data only"
"g00308","OverTime = Yes & MonthlyIncome < 5747","g06310","JobLevel < 2 & TotalWorkingYears < 8",243,387,115,63,0.47325,0.29716,0.2233,"partial overlap","supported on the full data only","supported on the full data only"
"g00308","OverTime = Yes & MonthlyIncome < 5747","g09323","YearsInCurrentRole < 4 & MonthlyIncome < 3867",243,398,114,66,0.46914,0.28643,0.21632,"partial overlap","supported on the full data only","supported on the full data only"
"g00308","OverTime = Yes & MonthlyIncome < 5747","g08625","YearsAtCompany < 3 & MonthlyIncome < 9985",243,307,77,45,0.31687,0.25081,0.16279,"partial overlap","supported on the full data only","supported on the full data only"
"g00308","OverTime = Yes & MonthlyIncome < 5747","g09158","YearsInCurrentRole < 3 & JobSatisfaction < 4",243,463,100,53,0.41152,0.21598,0.16502,"partial overlap","supported on the full data only","supported on the full data only"
"g00308","OverTime = Yes & MonthlyIncome < 5747","g11283","OverTime = Yes & YearsWithCurrManager < 3 & MonthlyIncome < 13194",243,187,146,68,0.60082,0.78075,0.51408,"partial overlap","supported on the full data only","supported on the full data only"
"g00308","OverTime = Yes & MonthlyIncome < 5747","g00305","OverTime = Yes & MonthlyIncome < 3221",243,122,122,68,0.50206,1,0.50206,"one is inside the other","supported on the full data only","qualifying"
"g00308","OverTime = Yes & MonthlyIncome < 5747","g08208","TotalWorkingYears < 8 & MonthlyIncome < 4999",243,459,134,67,0.55144,0.29194,0.23592,"partial overlap","supported on the full data only","supported on the full data only"
"g00308","OverTime = Yes & MonthlyIncome < 5747","g00774","YearsAtCompany < 5 & YearsInCurrentRole < 3",243,528,121,62,0.49794,0.22917,0.18615,"partial overlap","supported on the full data only","supported on the full data only"
"g00308","OverTime = Yes & MonthlyIncome < 5747","g09376","YearsInCurrentRole < 4 & TotalWorkingYears < 12",243,634,148,72,0.60905,0.23344,0.20302,"partial overlap","supported on the full data only","supported on the full data only"
"g00308","OverTime = Yes & MonthlyIncome < 5747","g09758","YearsWithCurrManager < 3 & MonthlyIncome < 5131",243,462,135,65,0.55556,0.29221,0.23684,"partial overlap","supported on the full data only","supported on the full data only"
"g00308","OverTime = Yes & MonthlyIncome < 5747","g09623","YearsWithCurrManager < 2 & MonthlyIncome < 10965",243,301,69,41,0.28395,0.22924,0.14526,"partial overlap","supported on the full data only","supported on the full data only"
"g00308","OverTime = Yes & MonthlyIncome < 5747","g07270","MonthlyIncome < 4227 & YearsSinceLastPromotion < 2",243,434,120,60,0.49383,0.2765,0.21544,"partial overlap","supported on the full data only","supported on the full data only"
"g07664","StockOptionLevel < 1 & JobSatisfaction < 4","g01136","YearsInCurrentRole < 3 & MonthlyIncome < 4883",440,444,152,67,0.34545,0.34234,0.20765,"partial overlap","supported on the full data only","supported on the full data only"
"g07664","StockOptionLevel < 1 & JobSatisfaction < 4","g08798","YearsAtCompany < 5 & TotalWorkingYears < 9",440,398,135,62,0.30682,0.3392,0.19203,"partial overlap","supported on the full data only","supported on the full data only"
"g07664","StockOptionLevel < 1 & JobSatisfaction < 4","g07751","StockOptionLevel < 1 & YearsInCurrentRole < 4",440,363,255,92,0.57955,0.70248,0.46533,"partial overlap","supported on the full data only","supported on the full data only"
"g07664","StockOptionLevel < 1 & JobSatisfaction < 4","g06255","JobLevel < 2 & JobSatisfaction < 4",440,376,182,77,0.41364,0.48404,0.28707,"partial overlap","supported on the full data only","supported on the full data only"
"g07664","StockOptionLevel < 1 & JobSatisfaction < 4","g07730","StockOptionLevel < 1 & TrainingTimesLastYear < 5",440,551,382,113,0.86818,0.69328,0.62726,"partial overlap","supported on the full data only","supported on the full data only"
"g07664","StockOptionLevel < 1 & JobSatisfaction < 4","g11167","OverTime = Yes & YearsInCurrentRole < 3 & MonthlyIncome < 13194",440,189,66,41,0.15,0.34921,0.11723,"partial overlap","supported on the full data only","supported on the full data only"
"g07664","StockOptionLevel < 1 & JobSatisfaction < 4","g07216","MonthlyIncome < 4227 & StockOptionLevel < 2",440,494,190,76,0.43182,0.38462,0.25538,"partial overlap","supported on the full data only","supported on the full data only"
"g07664","StockOptionLevel < 1 & JobSatisfaction < 4","g06268","JobLevel < 2 & MonthlyIncome < 2996",440,379,128,58,0.29091,0.33773,0.18524,"partial overlap","supported on the full data only","supported on the full data only"
"g07664","StockOptionLevel < 1 & JobSatisfaction < 4","g06310","JobLevel < 2 & TotalWorkingYears < 8",440,387,130,59,0.29545,0.33592,0.18651,"partial overlap","supported on the full data only","supported on the full data only"
"g07664","StockOptionLevel < 1 & JobSatisfaction < 4","g09323","YearsInCurrentRole < 4 & MonthlyIncome < 3867",440,398,134,59,0.30455,0.33668,0.19034,"partial overlap","supported on the full data only","supported on the full data only"
"g07664","StockOptionLevel < 1 & JobSatisfaction < 4","g08625","YearsAtCompany < 3 & MonthlyIncome < 9985",440,307,110,54,0.25,0.35831,0.17268,"partial overlap","supported on the full data only","supported on the full data only"
"g07664","StockOptionLevel < 1 & JobSatisfaction < 4","g09158","YearsInCurrentRole < 3 & JobSatisfaction < 4",440,463,223,83,0.50682,0.48164,0.32794,"partial overlap","supported on the full data only","supported on the full data only"
"g07664","StockOptionLevel < 1 & JobSatisfaction < 4","g11283","OverTime = Yes & YearsWithCurrManager < 3 & MonthlyIncome < 13194",440,187,65,37,0.14773,0.34759,0.11566,"partial overlap","supported on the full data only","supported on the full data only"
"g07664","StockOptionLevel < 1 & JobSatisfaction < 4","g00305","OverTime = Yes & MonthlyIncome < 3221",440,122,44,32,0.1,0.36066,0.084942,"partial overlap","supported on the full data only","qualifying"
"g07664","StockOptionLevel < 1 & JobSatisfaction < 4","g08208","TotalWorkingYears < 8 & MonthlyIncome < 4999",440,459,153,63,0.34773,0.33333,0.20509,"partial overlap","supported on the full data only","supported on the full data only"
"g07664","StockOptionLevel < 1 & JobSatisfaction < 4","g00774","YearsAtCompany < 5 & YearsInCurrentRole < 3",440,528,179,72,0.40682,0.33902,0.22687,"partial overlap","supported on the full data only","supported on the full data only"
"g07664","StockOptionLevel < 1 & JobSatisfaction < 4","g09376","YearsInCurrentRole < 4 & TotalWorkingYears < 12",440,634,205,83,0.46591,0.32334,0.2359,"partial overlap","supported on the full data only","supported on the full data only"
"g07664","StockOptionLevel < 1 & JobSatisfaction < 4","g09758","YearsWithCurrManager < 3 & MonthlyIncome < 5131",440,462,150,61,0.34091,0.32468,0.19947,"partial overlap","supported on the full data only","supported on the full data only"
"g07664","StockOptionLevel < 1 & JobSatisfaction < 4","g09623","YearsWithCurrManager < 2 & MonthlyIncome < 10965",440,301,103,48,0.23409,0.34219,0.16144,"partial overlap","supported on the full data only","supported on the full data only"
"g07664","StockOptionLevel < 1 & JobSatisfaction < 4","g07270","MonthlyIncome < 4227 & YearsSinceLastPromotion < 2",440,434,153,62,0.34773,0.35253,0.21221,"partial overlap","supported on the full data only","supported on the full data only"
"g01136","YearsInCurrentRole < 3 & MonthlyIncome < 4883","g08798","YearsAtCompany < 5 & TotalWorkingYears < 9",444,398,337,105,0.75901,0.84673,0.66733,"partial overlap","supported on the full data only","supported on the full data only"
"g01136","YearsInCurrentRole < 3 & MonthlyIncome < 4883","g07751","StockOptionLevel < 1 & YearsInCurrentRole < 4",444,363,215,83,0.48423,0.59229,0.36318,"partial overlap","supported on the full data only","supported on the full data only"
"g01136","YearsInCurrentRole < 3 & MonthlyIncome < 4883","g06255","JobLevel < 2 & JobSatisfaction < 4",444,376,250,89,0.56306,0.66489,0.4386,"partial overlap","supported on the full data only","supported on the full data only"
"g01136","YearsInCurrentRole < 3 & MonthlyIncome < 4883","g07730","StockOptionLevel < 1 & TrainingTimesLastYear < 5",444,551,182,74,0.40991,0.33031,0.22386,"partial overlap","supported on the full data only","supported on the full data only"
"g01136","YearsInCurrentRole < 3 & MonthlyIncome < 4883","g11167","OverTime = Yes & YearsInCurrentRole < 3 & MonthlyIncome < 13194",444,189,134,67,0.3018,0.70899,0.26854,"partial overlap","supported on the full data only","supported on the full data only"
"g01136","YearsInCurrentRole < 3 & MonthlyIncome < 4883","g07216","MonthlyIncome < 4227 & StockOptionLevel < 2",444,494,329,105,0.74099,0.66599,0.54023,"partial overlap","supported on the full data only","supported on the full data only"
"g01136","YearsInCurrentRole < 3 & MonthlyIncome < 4883","g06268","JobLevel < 2 & MonthlyIncome < 2996",444,379,274,95,0.61712,0.72296,0.49909,"partial overlap","supported on the full data only","supported on the full data only"
"g01136","YearsInCurrentRole < 3 & MonthlyIncome < 4883","g06310","JobLevel < 2 & TotalWorkingYears < 8",444,387,305,100,0.68694,0.78811,0.57985,"partial overlap","supported on the full data only","supported on the full data only"
"g01136","YearsInCurrentRole < 3 & MonthlyIncome < 4883","g09323","YearsInCurrentRole < 4 & MonthlyIncome < 3867",444,398,346,106,0.77928,0.86935,0.69758,"partial overlap","supported on the full data only","supported on the full data only"
"g01136","YearsInCurrentRole < 3 & MonthlyIncome < 4883","g08625","YearsAtCompany < 3 & MonthlyIncome < 9985",444,307,245,86,0.5518,0.79805,0.48419,"partial overlap","supported on the full data only","supported on the full data only"
"g01136","YearsInCurrentRole < 3 & MonthlyIncome < 4883","g09158","YearsInCurrentRole < 3 & JobSatisfaction < 4",444,463,306,100,0.68919,0.66091,0.50915,"partial overlap","supported on the full data only","supported on the full data only"
"g01136","YearsInCurrentRole < 3 & MonthlyIncome < 4883","g11283","OverTime = Yes & YearsWithCurrManager < 3 & MonthlyIncome < 13194",444,187,113,58,0.2545,0.60428,0.21815,"partial overlap","supported on the full data only","supported on the full data only"
"g01136","YearsInCurrentRole < 3 & MonthlyIncome < 4883","g00305","OverTime = Yes & MonthlyIncome < 3221",444,122,90,54,0.2027,0.7377,0.18908,"partial overlap","supported on the full data only","qualifying"
"g01136","YearsInCurrentRole < 3 & MonthlyIncome < 4883","g08208","TotalWorkingYears < 8 & MonthlyIncome < 4999",444,459,344,108,0.77477,0.74946,0.61538,"partial overlap","supported on the full data only","supported on the full data only"
"g01136","YearsInCurrentRole < 3 & MonthlyIncome < 4883","g00774","YearsAtCompany < 5 & YearsInCurrentRole < 3",444,528,373,113,0.84009,0.70644,0.6227,"partial overlap","supported on the full data only","supported on the full data only"
"g01136","YearsInCurrentRole < 3 & MonthlyIncome < 4883","g09376","YearsInCurrentRole < 4 & TotalWorkingYears < 12",444,634,417,121,0.93919,0.65773,0.63086,"one is inside the other","supported on the full data only","supported on the full data only"
"g01136","YearsInCurrentRole < 3 & MonthlyIncome < 4883","g09758","YearsWithCurrManager < 3 & MonthlyIncome < 5131",444,462,372,110,0.83784,0.80519,0.69663,"partial overlap","supported on the full data only","supported on the full data only"
"g01136","YearsInCurrentRole < 3 & MonthlyIncome < 4883","g09623","YearsWithCurrManager < 2 & MonthlyIncome < 10965",444,301,188,74,0.42342,0.62458,0.33752,"partial overlap","supported on the full data only","supported on the full data only"
"g01136","YearsInCurrentRole < 3 & MonthlyIncome < 4883","g07270","MonthlyIncome < 4227 & YearsSinceLastPromotion < 2",444,434,294,93,0.66216,0.67742,0.50342,"partial overlap","supported on the full data only","supported on the full data only"
"g08798","YearsAtCompany < 5 & TotalWorkingYears < 9","g07751","StockOptionLevel < 1 & YearsInCurrentRole < 4",398,363,193,79,0.48492,0.53168,0.33979,"partial overlap","supported on the full data only","supported on the full data only"
"g08798","YearsAtCompany < 5 & TotalWorkingYears < 9","g06255","JobLevel < 2 & JobSatisfaction < 4",398,376,213,76,0.53518,0.56649,0.37968,"partial overlap","supported on the full data only","supported on the full data only"
"g08798","YearsAtCompany < 5 & TotalWorkingYears < 9","g07730","StockOptionLevel < 1 & TrainingTimesLastYear < 5",398,551,166,70,0.41709,0.30127,0.21201,"partial overlap","supported on the full data only","supported on the full data only"
"g08798","YearsAtCompany < 5 & TotalWorkingYears < 9","g11167","OverTime = Yes & YearsInCurrentRole < 3 & MonthlyIncome < 13194",398,189,107,60,0.26884,0.56614,0.22292,"partial overlap","supported on the full data only","supported on the full data only"
"g08798","YearsAtCompany < 5 & TotalWorkingYears < 9","g07216","MonthlyIncome < 4227 & StockOptionLevel < 2",398,494,280,93,0.70352,0.5668,0.45752,"partial overlap","supported on the full data only","supported on the full data only"
"g08798","YearsAtCompany < 5 & TotalWorkingYears < 9","g06268","JobLevel < 2 & MonthlyIncome < 2996",398,379,243,86,0.61055,0.64116,0.45506,"partial overlap","supported on the full data only","supported on the full data only"
"g08798","YearsAtCompany < 5 & TotalWorkingYears < 9","g06310","JobLevel < 2 & TotalWorkingYears < 8",398,387,295,97,0.74121,0.76227,0.60204,"partial overlap","supported on the full data only","supported on the full data only"
"g08798","YearsAtCompany < 5 & TotalWorkingYears < 9","g09323","YearsInCurrentRole < 4 & MonthlyIncome < 3867",398,398,296,97,0.74372,0.74372,0.592,"partial overlap","supported on the full data only","supported on the full data only"
"g08798","YearsAtCompany < 5 & TotalWorkingYears < 9","g08625","YearsAtCompany < 3 & MonthlyIncome < 9985",398,307,242,86,0.60804,0.78827,0.52268,"partial overlap","supported on the full data only","supported on the full data only"
"g08798","YearsAtCompany < 5 & TotalWorkingYears < 9","g09158","YearsInCurrentRole < 3 & JobSatisfaction < 4",398,463,249,86,0.62563,0.5378,0.40686,"partial overlap","supported on the full data only","supported on the full data only"
"g08798","YearsAtCompany < 5 & TotalWorkingYears < 9","g11283","OverTime = Yes & YearsWithCurrManager < 3 & MonthlyIncome < 13194",398,187,107,60,0.26884,0.57219,0.22385,"partial overlap","supported on the full data only","supported on the full data only"
"g08798","YearsAtCompany < 5 & TotalWorkingYears < 9","g00305","OverTime = Yes & MonthlyIncome < 3221",398,122,77,47,0.19347,0.63115,0.17381,"partial overlap","supported on the full data only","qualifying"
"g08798","YearsAtCompany < 5 & TotalWorkingYears < 9","g08208","TotalWorkingYears < 8 & MonthlyIncome < 4999",398,459,341,105,0.85678,0.74292,0.66085,"partial overlap","supported on the full data only","supported on the full data only"
"g08798","YearsAtCompany < 5 & TotalWorkingYears < 9","g00774","YearsAtCompany < 5 & YearsInCurrentRole < 3",398,528,365,111,0.91709,0.69129,0.65062,"one is inside the other","supported on the full data only","supported on the full data only"
"g08798","YearsAtCompany < 5 & TotalWorkingYears < 9","g09376","YearsInCurrentRole < 4 & TotalWorkingYears < 12",398,634,398,117,1,0.62776,0.62776,"one is inside the other","supported on the full data only","supported on the full data only"
"g08798","YearsAtCompany < 5 & TotalWorkingYears < 9","g09758","YearsWithCurrManager < 3 & MonthlyIncome < 5131",398,462,354,105,0.88945,0.76623,0.6996,"partial overlap","supported on the full data only","supported on the full data only"
"g08798","YearsAtCompany < 5 & TotalWorkingYears < 9","g09623","YearsWithCurrManager < 2 & MonthlyIncome < 10965",398,301,181,69,0.45477,0.60133,0.34942,"partial overlap","supported on the full data only","supported on the full data only"
"g08798","YearsAtCompany < 5 & TotalWorkingYears < 9","g07270","MonthlyIncome < 4227 & YearsSinceLastPromotion < 2",398,434,252,87,0.63317,0.58065,0.43448,"partial overlap","supported on the full data only","supported on the full data only"
"g07751","StockOptionLevel < 1 & YearsInCurrentRole < 4","g06255","JobLevel < 2 & JobSatisfaction < 4",363,376,137,65,0.37741,0.36436,0.22757,"partial overlap","supported on the full data only","supported on the full data only"
"g07751","StockOptionLevel < 1 & YearsInCurrentRole < 4","g07730","StockOptionLevel < 1 & TrainingTimesLastYear < 5",363,551,313,99,0.86226,0.56806,0.5208,"partial overlap","supported on the full data only","supported on the full data only"
"g07751","StockOptionLevel < 1 & YearsInCurrentRole < 4","g11167","OverTime = Yes & YearsInCurrentRole < 3 & MonthlyIncome < 13194",363,189,92,52,0.25344,0.48677,0.2,"partial overlap","supported on the full data only","supported on the full data only"
"g07751","StockOptionLevel < 1 & YearsInCurrentRole < 4","g07216","MonthlyIncome < 4227 & StockOptionLevel < 2",363,494,211,81,0.58127,0.42713,0.32663,"partial overlap","supported on the full data only","supported on the full data only"
"g07751","StockOptionLevel < 1 & YearsInCurrentRole < 4","g06268","JobLevel < 2 & MonthlyIncome < 2996",363,379,149,67,0.41047,0.39314,0.25126,"partial overlap","supported on the full data only","supported on the full data only"
"g07751","StockOptionLevel < 1 & YearsInCurrentRole < 4","g06310","JobLevel < 2 & TotalWorkingYears < 8",363,387,167,71,0.46006,0.43152,0.28645,"partial overlap","supported on the full data only","supported on the full data only"
"g07751","StockOptionLevel < 1 & YearsInCurrentRole < 4","g09323","YearsInCurrentRole < 4 & MonthlyIncome < 3867",363,398,192,76,0.52893,0.48241,0.33743,"partial overlap","supported on the full data only","supported on the full data only"
"g07751","StockOptionLevel < 1 & YearsInCurrentRole < 4","g08625","YearsAtCompany < 3 & MonthlyIncome < 9985",363,307,156,68,0.42975,0.50814,0.3035,"partial overlap","supported on the full data only","supported on the full data only"
"g07751","StockOptionLevel < 1 & YearsInCurrentRole < 4","g09158","YearsInCurrentRole < 3 & JobSatisfaction < 4",363,463,223,83,0.61433,0.48164,0.36982,"partial overlap","supported on the full data only","supported on the full data only"
"g07751","StockOptionLevel < 1 & YearsInCurrentRole < 4","g11283","OverTime = Yes & YearsWithCurrManager < 3 & MonthlyIncome < 13194",363,187,76,45,0.20937,0.40642,0.16034,"partial overlap","supported on the full data only","supported on the full data only"
"g07751","StockOptionLevel < 1 & YearsInCurrentRole < 4","g00305","OverTime = Yes & MonthlyIncome < 3221",363,122,53,39,0.14601,0.43443,0.12269,"partial overlap","supported on the full data only","qualifying"
"g07751","StockOptionLevel < 1 & YearsInCurrentRole < 4","g08208","TotalWorkingYears < 8 & MonthlyIncome < 4999",363,459,191,75,0.52617,0.41612,0.30269,"partial overlap","supported on the full data only","supported on the full data only"
"g07751","StockOptionLevel < 1 & YearsInCurrentRole < 4","g00774","YearsAtCompany < 5 & YearsInCurrentRole < 3",363,528,250,89,0.68871,0.47348,0.39002,"partial overlap","supported on the full data only","supported on the full data only"
"g07751","StockOptionLevel < 1 & YearsInCurrentRole < 4","g09376","YearsInCurrentRole < 4 & TotalWorkingYears < 12",363,634,292,101,0.80441,0.46057,0.41418,"partial overlap","supported on the full data only","supported on the full data only"
"g07751","StockOptionLevel < 1 & YearsInCurrentRole < 4","g09758","YearsWithCurrManager < 3 & MonthlyIncome < 5131",363,462,201,75,0.55372,0.43506,0.32212,"partial overlap","supported on the full data only","supported on the full data only"
"g07751","StockOptionLevel < 1 & YearsInCurrentRole < 4","g09623","YearsWithCurrManager < 2 & MonthlyIncome < 10965",363,301,132,60,0.36364,0.43854,0.24812,"partial overlap","supported on the full data only","supported on the full data only"
"g07751","StockOptionLevel < 1 & YearsInCurrentRole < 4","g07270","MonthlyIncome < 4227 & YearsSinceLastPromotion < 2",363,434,171,69,0.47107,0.39401,0.27316,"partial overlap","supported on the full data only","supported on the full data only"
"g06255","JobLevel < 2 & JobSatisfaction < 4","g07730","StockOptionLevel < 1 & TrainingTimesLastYear < 5",376,551,157,68,0.41755,0.28494,0.2039,"partial overlap","supported on the full data only","supported on the full data only"
"g06255","JobLevel < 2 & JobSatisfaction < 4","g11167","OverTime = Yes & YearsInCurrentRole < 3 & MonthlyIncome < 13194",376,189,77,47,0.20479,0.40741,0.15779,"partial overlap","supported on the full data only","supported on the full data only"
"g06255","JobLevel < 2 & JobSatisfaction < 4","g07216","MonthlyIncome < 4227 & StockOptionLevel < 2",376,494,308,100,0.81915,0.62348,0.54804,"partial overlap","supported on the full data only","supported on the full data only"
"g06255","JobLevel < 2 & JobSatisfaction < 4","g06268","JobLevel < 2 & MonthlyIncome < 2996",376,379,261,87,0.69415,0.68865,0.52834,"partial overlap","supported on the full data only","supported on the full data only"
"g06255","JobLevel < 2 & JobSatisfaction < 4","g06310","JobLevel < 2 & TotalWorkingYears < 8",376,387,268,87,0.71277,0.69251,0.54141,"partial overlap","supported on the full data only","supported on the full data only"
"g06255","JobLevel < 2 & JobSatisfaction < 4","g09323","YearsInCurrentRole < 4 & MonthlyIncome < 3867",376,398,268,88,0.71277,0.67337,0.52964,"partial overlap","supported on the full data only","supported on the full data only"
"g06255","JobLevel < 2 & JobSatisfaction < 4","g08625","YearsAtCompany < 3 & MonthlyIncome < 9985",376,307,149,60,0.39628,0.48534,0.27903,"partial overlap","supported on the full data only","supported on the full data only"
"g06255","JobLevel < 2 & JobSatisfaction < 4","g09158","YearsInCurrentRole < 3 & JobSatisfaction < 4",376,463,250,89,0.66489,0.53996,0.42445,"partial overlap","supported on the full data only","supported on the full data only"
"g06255","JobLevel < 2 & JobSatisfaction < 4","g11283","OverTime = Yes & YearsWithCurrManager < 3 & MonthlyIncome < 13194",376,187,72,43,0.19149,0.38503,0.14664,"partial overlap","supported on the full data only","supported on the full data only"
"g06255","JobLevel < 2 & JobSatisfaction < 4","g00305","OverTime = Yes & MonthlyIncome < 3221",376,122,82,51,0.21809,0.67213,0.19712,"partial overlap","supported on the full data only","qualifying"
"g06255","JobLevel < 2 & JobSatisfaction < 4","g08208","TotalWorkingYears < 8 & MonthlyIncome < 4999",376,459,268,87,0.71277,0.58388,0.47266,"partial overlap","supported on the full data only","supported on the full data only"
"g06255","JobLevel < 2 & JobSatisfaction < 4","g00774","YearsAtCompany < 5 & YearsInCurrentRole < 3",376,528,215,78,0.57181,0.4072,0.31205,"partial overlap","supported on the full data only","supported on the full data only"
"g06255","JobLevel < 2 & JobSatisfaction < 4","g09376","YearsInCurrentRole < 4 & TotalWorkingYears < 12",376,634,278,93,0.73936,0.43849,0.37978,"partial overlap","supported on the full data only","supported on the full data only"
"g06255","JobLevel < 2 & JobSatisfaction < 4","g09758","YearsWithCurrManager < 3 & MonthlyIncome < 5131",376,462,247,83,0.65691,0.53463,0.41794,"partial overlap","supported on the full data only","supported on the full data only"
"g06255","JobLevel < 2 & JobSatisfaction < 4","g09623","YearsWithCurrManager < 2 & MonthlyIncome < 10965",376,301,124,53,0.32979,0.41196,0.22423,"partial overlap","supported on the full data only","supported on the full data only"
"g06255","JobLevel < 2 & JobSatisfaction < 4","g07270","MonthlyIncome < 4227 & YearsSinceLastPromotion < 2",376,434,270,87,0.71809,0.62212,0.5,"partial overlap","supported on the full data only","supported on the full data only"
"g07730","StockOptionLevel < 1 & TrainingTimesLastYear < 5","g11167","OverTime = Yes & YearsInCurrentRole < 3 & MonthlyIncome < 13194",551,189,78,46,0.14156,0.4127,0.11782,"partial overlap","supported on the full data only","supported on the full data only"
"g07730","StockOptionLevel < 1 & TrainingTimesLastYear < 5","g07216","MonthlyIncome < 4227 & StockOptionLevel < 2",551,494,233,84,0.42287,0.47166,0.28695,"partial overlap","supported on the full data only","supported on the full data only"
"g07730","StockOptionLevel < 1 & TrainingTimesLastYear < 5","g06268","JobLevel < 2 & MonthlyIncome < 2996",551,379,155,68,0.28131,0.40897,0.2,"partial overlap","supported on the full data only","supported on the full data only"
"g07730","StockOptionLevel < 1 & TrainingTimesLastYear < 5","g06310","JobLevel < 2 & TotalWorkingYears < 8",551,387,166,68,0.30127,0.42894,0.21503,"partial overlap","supported on the full data only","supported on the full data only"
"g07730","StockOptionLevel < 1 & TrainingTimesLastYear < 5","g09323","YearsInCurrentRole < 4 & MonthlyIncome < 3867",551,398,163,67,0.29583,0.40955,0.20738,"partial overlap","supported on the full data only","supported on the full data only"
"g07730","StockOptionLevel < 1 & TrainingTimesLastYear < 5","g08625","YearsAtCompany < 3 & MonthlyIncome < 9985",551,307,130,60,0.23593,0.42345,0.17857,"partial overlap","supported on the full data only","supported on the full data only"
"g07730","StockOptionLevel < 1 & TrainingTimesLastYear < 5","g09158","YearsInCurrentRole < 3 & JobSatisfaction < 4",551,463,188,74,0.3412,0.40605,0.2276,"partial overlap","supported on the full data only","supported on the full data only"
"g07730","StockOptionLevel < 1 & TrainingTimesLastYear < 5","g11283","OverTime = Yes & YearsWithCurrManager < 3 & MonthlyIncome < 13194",551,187,79,43,0.14338,0.42246,0.11988,"partial overlap","supported on the full data only","supported on the full data only"
"g07730","StockOptionLevel < 1 & TrainingTimesLastYear < 5","g00305","OverTime = Yes & MonthlyIncome < 3221",551,122,52,37,0.094374,0.42623,0.083736,"partial overlap","supported on the full data only","qualifying"
"g07730","StockOptionLevel < 1 & TrainingTimesLastYear < 5","g08208","TotalWorkingYears < 8 & MonthlyIncome < 4999",551,459,192,71,0.34846,0.4183,0.23472,"partial overlap","supported on the full data only","supported on the full data only"
"g07730","StockOptionLevel < 1 & TrainingTimesLastYear < 5","g00774","YearsAtCompany < 5 & YearsInCurrentRole < 3",551,528,215,81,0.3902,0.4072,0.24884,"partial overlap","supported on the full data only","supported on the full data only"
"g07730","StockOptionLevel < 1 & TrainingTimesLastYear < 5","g09376","YearsInCurrentRole < 4 & TotalWorkingYears < 12",551,634,248,89,0.45009,0.39117,0.26467,"partial overlap","supported on the full data only","supported on the full data only"
"g07730","StockOptionLevel < 1 & TrainingTimesLastYear < 5","g09758","YearsWithCurrManager < 3 & MonthlyIncome < 5131",551,462,186,69,0.33757,0.4026,0.22491,"partial overlap","supported on the full data only","supported on the full data only"
"g07730","StockOptionLevel < 1 & TrainingTimesLastYear < 5","g09623","YearsWithCurrManager < 2 & MonthlyIncome < 10965",551,301,123,55,0.22323,0.40864,0.16872,"partial overlap","supported on the full data only","supported on the full data only"
"g07730","StockOptionLevel < 1 & TrainingTimesLastYear < 5","g07270","MonthlyIncome < 4227 & YearsSinceLastPromotion < 2",551,434,178,69,0.32305,0.41014,0.22057,"partial overlap","supported on the full data only","supported on the full data only"
"g11167","OverTime = Yes & YearsInCurrentRole < 3 & MonthlyIncome < 13194","g07216","MonthlyIncome < 4227 & StockOptionLevel < 2",189,494,102,57,0.53968,0.20648,0.17556,"partial overlap","supported on the full data only","supported on the full data only"
"g11167","OverTime = Yes & YearsInCurrentRole < 3 & MonthlyIncome < 13194","g06268","JobLevel < 2 & MonthlyIncome < 2996",189,379,82,52,0.43386,0.21636,0.16872,"partial overlap","supported on the full data only","supported on the full data only"
"g11167","OverTime = Yes & YearsInCurrentRole < 3 & MonthlyIncome < 13194","g06310","JobLevel < 2 & TotalWorkingYears < 8",189,387,94,53,0.49735,0.24289,0.19502,"partial overlap","supported on the full data only","supported on the full data only"
"g11167","OverTime = Yes & YearsInCurrentRole < 3 & MonthlyIncome < 13194","g09323","YearsInCurrentRole < 4 & MonthlyIncome < 3867",189,398,103,61,0.54497,0.25879,0.21281,"partial overlap","supported on the full data only","supported on the full data only"
"g11167","OverTime = Yes & YearsInCurrentRole < 3 & MonthlyIncome < 13194","g08625","YearsAtCompany < 3 & MonthlyIncome < 9985",189,307,92,51,0.48677,0.29967,0.22772,"partial overlap","supported on the full data only","supported on the full data only"
"g11167","OverTime = Yes & YearsInCurrentRole < 3 & MonthlyIncome < 13194","g09158","YearsInCurrentRole < 3 & JobSatisfaction < 4",189,463,129,64,0.68254,0.27862,0.24665,"partial overlap","supported on the full data only","supported on the full data only"
"g11167","OverTime = Yes & YearsInCurrentRole < 3 & MonthlyIncome < 13194","g11283","OverTime = Yes & YearsWithCurrManager < 3 & MonthlyIncome < 13194",189,187,149,70,0.78836,0.79679,0.65639,"partial overlap","supported on the full data only","supported on the full data only"
"g11167","OverTime = Yes & YearsInCurrentRole < 3 & MonthlyIncome < 13194","g00305","OverTime = Yes & MonthlyIncome < 3221",189,122,90,54,0.47619,0.7377,0.40724,"partial overlap","supported on the full data only","qualifying"
"g11167","OverTime = Yes & YearsInCurrentRole < 3 & MonthlyIncome < 13194","g08208","TotalWorkingYears < 8 & MonthlyIncome < 4999",189,459,106,57,0.56085,0.23094,0.19557,"partial overlap","supported on the full data only","supported on the full data only"
"g11167","OverTime = Yes & YearsInCurrentRole < 3 & MonthlyIncome < 13194","g00774","YearsAtCompany < 5 & YearsInCurrentRole < 3",189,528,152,71,0.80423,0.28788,0.26903,"partial overlap","supported on the full data only","supported on the full data only"
"g11167","OverTime = Yes & YearsInCurrentRole < 3 & MonthlyIncome < 13194","g09376","YearsInCurrentRole < 4 & TotalWorkingYears < 12",189,634,152,74,0.80423,0.23975,0.22653,"partial overlap","supported on the full data only","supported on the full data only"
"g11167","OverTime = Yes & YearsInCurrentRole < 3 & MonthlyIncome < 13194","g09758","YearsWithCurrManager < 3 & MonthlyIncome < 5131",189,462,115,58,0.60847,0.24892,0.21455,"partial overlap","supported on the full data only","supported on the full data only"
"g11167","OverTime = Yes & YearsInCurrentRole < 3 & MonthlyIncome < 13194","g09623","YearsWithCurrManager < 2 & MonthlyIncome < 10965",189,301,74,42,0.39153,0.24585,0.17788,"partial overlap","supported on the full data only","supported on the full data only"
"g11167","OverTime = Yes & YearsInCurrentRole < 3 & MonthlyIncome < 13194","g07270","MonthlyIncome < 4227 & YearsSinceLastPromotion < 2",189,434,88,49,0.46561,0.20276,0.16449,"partial overlap","supported on the full data only","supported on the full data only"
"g07216","MonthlyIncome < 4227 & StockOptionLevel < 2","g06268","JobLevel < 2 & MonthlyIncome < 2996",494,379,321,103,0.6498,0.84697,0.58152,"partial overlap","supported on the full data only","supported on the full data only"
"g07216","MonthlyIncome < 4227 & StockOptionLevel < 2","g06310","JobLevel < 2 & TotalWorkingYears < 8",494,387,316,102,0.63968,0.81654,0.55929,"partial overlap","supported on the full data only","supported on the full data only"
"g07216","MonthlyIncome < 4227 & StockOptionLevel < 2","g09323","YearsInCurrentRole < 4 & MonthlyIncome < 3867",494,398,336,105,0.68016,0.84422,0.60432,"partial overlap","supported on the full data only","supported on the full data only"
"g07216","MonthlyIncome < 4227 & StockOptionLevel < 2","g08625","YearsAtCompany < 3 & MonthlyIncome < 9985",494,307,189,73,0.38259,0.61564,0.30882,"partial overlap","supported on the full data only","supported on the full data only"
"g07216","MonthlyIncome < 4227 & StockOptionLevel < 2","g09158","YearsInCurrentRole < 3 & JobSatisfaction < 4",494,463,231,81,0.46761,0.49892,0.31818,"partial overlap","supported on the full data only","supported on the full data only"
"g07216","MonthlyIncome < 4227 & StockOptionLevel < 2","g11283","OverTime = Yes & YearsWithCurrManager < 3 & MonthlyIncome < 13194",494,187,102,56,0.20648,0.54545,0.17617,"partial overlap","supported on the full data only","supported on the full data only"
"g07216","MonthlyIncome < 4227 & StockOptionLevel < 2","g00305","OverTime = Yes & MonthlyIncome < 3221",494,122,104,60,0.21053,0.85246,0.20312,"partial overlap","supported on the full data only","qualifying"
"g07216","MonthlyIncome < 4227 & StockOptionLevel < 2","g08208","TotalWorkingYears < 8 & MonthlyIncome < 4999",494,459,328,103,0.66397,0.7146,0.5248,"partial overlap","supported on the full data only","supported on the full data only"
"g07216","MonthlyIncome < 4227 & StockOptionLevel < 2","g00774","YearsAtCompany < 5 & YearsInCurrentRole < 3",494,528,281,95,0.56883,0.5322,0.37922,"partial overlap","supported on the full data only","supported on the full data only"
"g07216","MonthlyIncome < 4227 & StockOptionLevel < 2","g09376","YearsInCurrentRole < 4 & TotalWorkingYears < 12",494,634,355,110,0.71862,0.55994,0.45925,"partial overlap","supported on the full data only","supported on the full data only"
"g07216","MonthlyIncome < 4227 & StockOptionLevel < 2","g09758","YearsWithCurrManager < 3 & MonthlyIncome < 5131",494,462,322,101,0.65182,0.69697,0.50789,"partial overlap","supported on the full data only","supported on the full data only"
"g07216","MonthlyIncome < 4227 & StockOptionLevel < 2","g09623","YearsWithCurrManager < 2 & MonthlyIncome < 10965",494,301,158,67,0.31984,0.52492,0.24804,"partial overlap","supported on the full data only","supported on the full data only"
"g07216","MonthlyIncome < 4227 & StockOptionLevel < 2","g07270","MonthlyIncome < 4227 & YearsSinceLastPromotion < 2",494,434,370,108,0.74899,0.85253,0.66308,"partial overlap","supported on the full data only","supported on the full data only"
"g06268","JobLevel < 2 & MonthlyIncome < 2996","g06310","JobLevel < 2 & TotalWorkingYears < 8",379,387,282,90,0.74406,0.72868,0.58264,"partial overlap","supported on the full data only","supported on the full data only"
"g06268","JobLevel < 2 & MonthlyIncome < 2996","g09323","YearsInCurrentRole < 4 & MonthlyIncome < 3867",379,398,309,98,0.8153,0.77638,0.66026,"partial overlap","supported on the full data only","supported on the full data only"
"g06268","JobLevel < 2 & MonthlyIncome < 2996","g08625","YearsAtCompany < 3 & MonthlyIncome < 9985",379,307,177,68,0.46702,0.57655,0.34774,"partial overlap","supported on the full data only","supported on the full data only"
"g06268","JobLevel < 2 & MonthlyIncome < 2996","g09158","YearsInCurrentRole < 3 & JobSatisfaction < 4",379,463,189,74,0.49868,0.40821,0.28943,"partial overlap","supported on the full data only","supported on the full data only"
"g06268","JobLevel < 2 & MonthlyIncome < 2996","g11283","OverTime = Yes & YearsWithCurrManager < 3 & MonthlyIncome < 13194",379,187,82,49,0.21636,0.4385,0.16942,"partial overlap","supported on the full data only","supported on the full data only"
"g06268","JobLevel < 2 & MonthlyIncome < 2996","g00305","OverTime = Yes & MonthlyIncome < 3221",379,122,109,64,0.2876,0.89344,0.27806,"partial overlap","supported on the full data only","qualifying"
"g06268","JobLevel < 2 & MonthlyIncome < 2996","g08208","TotalWorkingYears < 8 & MonthlyIncome < 4999",379,459,282,90,0.74406,0.61438,0.50719,"partial overlap","supported on the full data only","supported on the full data only"
"g06268","JobLevel < 2 & MonthlyIncome < 2996","g00774","YearsAtCompany < 5 & YearsInCurrentRole < 3",379,528,243,87,0.64116,0.46023,0.36596,"partial overlap","supported on the full data only","supported on the full data only"
"g06268","JobLevel < 2 & MonthlyIncome < 2996","g09376","YearsInCurrentRole < 4 & TotalWorkingYears < 12",379,634,299,97,0.78892,0.47161,0.41877,"partial overlap","supported on the full data only","supported on the full data only"
"g06268","JobLevel < 2 & MonthlyIncome < 2996","g09758","YearsWithCurrManager < 3 & MonthlyIncome < 5131",379,462,273,90,0.72032,0.59091,0.48063,"partial overlap","supported on the full data only","supported on the full data only"
"g06268","JobLevel < 2 & MonthlyIncome < 2996","g09623","YearsWithCurrManager < 2 & MonthlyIncome < 10965",379,301,154,66,0.40633,0.51163,0.29278,"partial overlap","supported on the full data only","supported on the full data only"
"g06268","JobLevel < 2 & MonthlyIncome < 2996","g07270","MonthlyIncome < 4227 & YearsSinceLastPromotion < 2",379,434,281,92,0.74142,0.64747,0.5282,"partial overlap","supported on the full data only","supported on the full data only"
"g06310","JobLevel < 2 & TotalWorkingYears < 8","g09323","YearsInCurrentRole < 4 & MonthlyIncome < 3867",387,398,317,99,0.81912,0.79648,0.67735,"partial overlap","supported on the full data only","supported on the full data only"
"g06310","JobLevel < 2 & TotalWorkingYears < 8","g08625","YearsAtCompany < 3 & MonthlyIncome < 9985",387,307,194,75,0.50129,0.63192,0.388,"partial overlap","supported on the full data only","supported on the full data only"
"g06310","JobLevel < 2 & TotalWorkingYears < 8","g09158","YearsInCurrentRole < 3 & JobSatisfaction < 4",387,463,205,76,0.52972,0.44276,0.31783,"partial overlap","supported on the full data only","supported on the full data only"
"g06310","JobLevel < 2 & TotalWorkingYears < 8","g11283","OverTime = Yes & YearsWithCurrManager < 3 & MonthlyIncome < 13194",387,187,95,56,0.24548,0.50802,0.19833,"partial overlap","supported on the full data only","supported on the full data only"
"g06310","JobLevel < 2 & TotalWorkingYears < 8","g00305","OverTime = Yes & MonthlyIncome < 3221",387,122,88,53,0.22739,0.72131,0.20903,"partial overlap","supported on the full data only","qualifying"
"g06310","JobLevel < 2 & TotalWorkingYears < 8","g08208","TotalWorkingYears < 8 & MonthlyIncome < 4999",387,459,387,113,1,0.84314,0.84314,"essentially the same people","supported on the full data only","supported on the full data only"
"g06310","JobLevel < 2 & TotalWorkingYears < 8","g00774","YearsAtCompany < 5 & YearsInCurrentRole < 3",387,528,278,94,0.71835,0.52652,0.43642,"partial overlap","supported on the full data only","supported on the full data only"
"g06310","JobLevel < 2 & TotalWorkingYears < 8","g09376","YearsInCurrentRole < 4 & TotalWorkingYears < 12",387,634,347,106,0.89664,0.54732,0.51484,"partial overlap","supported on the full data only","supported on the full data only"
"g06310","JobLevel < 2 & TotalWorkingYears < 8","g09758","YearsWithCurrManager < 3 & MonthlyIncome < 5131",387,462,310,100,0.80103,0.671,0.57514,"partial overlap","supported on the full data only","supported on the full data only"
"g06310","JobLevel < 2 & TotalWorkingYears < 8","g09623","YearsWithCurrManager < 2 & MonthlyIncome < 10965",387,301,159,66,0.41085,0.52824,0.30057,"partial overlap","supported on the full data only","supported on the full data only"
"g06310","JobLevel < 2 & TotalWorkingYears < 8","g07270","MonthlyIncome < 4227 & YearsSinceLastPromotion < 2",387,434,293,93,0.75711,0.67512,0.55492,"partial overlap","supported on the full data only","supported on the full data only"
"g09323","YearsInCurrentRole < 4 & MonthlyIncome < 3867","g08625","YearsAtCompany < 3 & MonthlyIncome < 9985",398,307,207,76,0.5201,0.67427,0.41566,"partial overlap","supported on the full data only","supported on the full data only"
"g09323","YearsInCurrentRole < 4 & MonthlyIncome < 3867","g09158","YearsInCurrentRole < 3 & JobSatisfaction < 4",398,463,239,82,0.6005,0.5162,0.38424,"partial overlap","supported on the full data only","supported on the full data only"
"g09323","YearsInCurrentRole < 4 & MonthlyIncome < 3867","g11283","OverTime = Yes & YearsWithCurrManager < 3 & MonthlyIncome < 13194",398,187,94,56,0.23618,0.50267,0.19145,"partial overlap","supported on the full data only","supported on the full data only"
"g09323","YearsInCurrentRole < 4 & MonthlyIncome < 3867","g00305","OverTime = Yes & MonthlyIncome < 3221",398,122,99,59,0.24874,0.81148,0.23515,"partial overlap","supported on the full data only","qualifying"
"g09323","YearsInCurrentRole < 4 & MonthlyIncome < 3867","g08208","TotalWorkingYears < 8 & MonthlyIncome < 4999",398,459,319,99,0.80151,0.69499,0.59294,"partial overlap","supported on the full data only","supported on the full data only"
"g09323","YearsInCurrentRole < 4 & MonthlyIncome < 3867","g00774","YearsAtCompany < 5 & YearsInCurrentRole < 3",398,528,301,98,0.75628,0.57008,0.4816,"partial overlap","supported on the full data only","supported on the full data only"
"g09323","YearsInCurrentRole < 4 & MonthlyIncome < 3867","g09376","YearsInCurrentRole < 4 & TotalWorkingYears < 12",398,634,378,111,0.94975,0.59621,0.57798,"one is inside the other","supported on the full data only","supported on the full data only"
"g09323","YearsInCurrentRole < 4 & MonthlyIncome < 3867","g09758","YearsWithCurrManager < 3 & MonthlyIncome < 5131",398,462,320,99,0.80402,0.69264,0.59259,"partial overlap","supported on the full data only","supported on the full data only"
"g09323","YearsInCurrentRole < 4 & MonthlyIncome < 3867","g09623","YearsWithCurrManager < 2 & MonthlyIncome < 10965",398,301,168,69,0.42211,0.55814,0.31638,"partial overlap","supported on the full data only","supported on the full data only"
"g09323","YearsInCurrentRole < 4 & MonthlyIncome < 3867","g07270","MonthlyIncome < 4227 & YearsSinceLastPromotion < 2",398,434,315,96,0.79146,0.72581,0.60928,"partial overlap","supported on the full data only","supported on the full data only"
"g08625","YearsAtCompany < 3 & MonthlyIncome < 9985","g09158","YearsInCurrentRole < 3 & JobSatisfaction < 4",307,463,215,78,0.70033,0.46436,0.38739,"partial overlap","supported on the full data only","supported on the full data only"
"g08625","YearsAtCompany < 3 & MonthlyIncome < 9985","g11283","OverTime = Yes & YearsWithCurrManager < 3 & MonthlyIncome < 13194",307,187,92,51,0.29967,0.49198,0.22886,"partial overlap","supported on the full data only","supported on the full data only"
"g08625","YearsAtCompany < 3 & MonthlyIncome < 9985","g00305","OverTime = Yes & MonthlyIncome < 3221",307,122,53,35,0.17264,0.43443,0.14096,"partial overlap","supported on the full data only","qualifying"
"g08625","YearsAtCompany < 3 & MonthlyIncome < 9985","g08208","TotalWorkingYears < 8 & MonthlyIncome < 4999",307,459,210,80,0.68404,0.45752,0.3777,"partial overlap","supported on the full data only","supported on the full data only"
"g08625","YearsAtCompany < 3 & MonthlyIncome < 9985","g00774","YearsAtCompany < 5 & YearsInCurrentRole < 3",307,528,307,99,1,0.58144,0.58144,"one is inside the other","supported on the full data only","supported on the full data only"
"g08625","YearsAtCompany < 3 & MonthlyIncome < 9985","g09376","YearsInCurrentRole < 4 & TotalWorkingYears < 12",307,634,266,91,0.86645,0.41956,0.39407,"partial overlap","supported on the full data only","supported on the full data only"
"g08625","YearsAtCompany < 3 & MonthlyIncome < 9985","g09758","YearsWithCurrManager < 3 & MonthlyIncome < 5131",307,462,253,87,0.8241,0.54762,0.49031,"partial overlap","supported on the full data only","supported on the full data only"
"g08625","YearsAtCompany < 3 & MonthlyIncome < 9985","g09623","YearsWithCurrManager < 2 & MonthlyIncome < 10965",307,301,214,79,0.69707,0.71096,0.54315,"partial overlap","supported on the full data only","supported on the full data only"
"g08625","YearsAtCompany < 3 & MonthlyIncome < 9985","g07270","MonthlyIncome < 4227 & YearsSinceLastPromotion < 2",307,434,161,67,0.52443,0.37097,0.27759,"partial overlap","supported on the full data only","supported on the full data only"
"g09158","YearsInCurrentRole < 3 & JobSatisfaction < 4","g11283","OverTime = Yes & YearsWithCurrManager < 3 & MonthlyIncome < 13194",463,187,103,53,0.22246,0.5508,0.1883,"partial overlap","supported on the full data only","supported on the full data only"
"g09158","YearsInCurrentRole < 3 & JobSatisfaction < 4","g00305","OverTime = Yes & MonthlyIncome < 3221",463,122,63,41,0.13607,0.51639,0.12069,"partial overlap","supported on the full data only","qualifying"
"g09158","YearsInCurrentRole < 3 & JobSatisfaction < 4","g08208","TotalWorkingYears < 8 & MonthlyIncome < 4999",463,459,240,85,0.51836,0.52288,0.35191,"partial overlap","supported on the full data only","supported on the full data only"
"g09158","YearsInCurrentRole < 3 & JobSatisfaction < 4","g00774","YearsAtCompany < 5 & YearsInCurrentRole < 3",463,528,369,106,0.79698,0.69886,0.59325,"partial overlap","supported on the full data only","supported on the full data only"
"g09158","YearsInCurrentRole < 3 & JobSatisfaction < 4","g09376","YearsInCurrentRole < 4 & TotalWorkingYears < 12",463,634,368,110,0.79482,0.58044,0.5048,"partial overlap","supported on the full data only","supported on the full data only"
"g09158","YearsInCurrentRole < 3 & JobSatisfaction < 4","g09758","YearsWithCurrManager < 3 & MonthlyIncome < 5131",463,462,266,87,0.57451,0.57576,0.40364,"partial overlap","supported on the full data only","supported on the full data only"
"g09158","YearsInCurrentRole < 3 & JobSatisfaction < 4","g09623","YearsWithCurrManager < 2 & MonthlyIncome < 10965",463,301,168,66,0.36285,0.55814,0.28188,"partial overlap","supported on the full data only","supported on the full data only"
"g09158","YearsInCurrentRole < 3 & JobSatisfaction < 4","g07270","MonthlyIncome < 4227 & YearsSinceLastPromotion < 2",463,434,206,72,0.44492,0.47465,0.29812,"partial overlap","supported on the full data only","supported on the full data only"
"g11283","OverTime = Yes & YearsWithCurrManager < 3 & MonthlyIncome < 13194","g00305","OverTime = Yes & MonthlyIncome < 3221",187,122,89,52,0.47594,0.72951,0.40455,"partial overlap","supported on the full data only","qualifying"
"g11283","OverTime = Yes & YearsWithCurrManager < 3 & MonthlyIncome < 13194","g08208","TotalWorkingYears < 8 & MonthlyIncome < 4999",187,459,106,60,0.56684,0.23094,0.1963,"partial overlap","supported on the full data only","supported on the full data only"
"g11283","OverTime = Yes & YearsWithCurrManager < 3 & MonthlyIncome < 13194","g00774","YearsAtCompany < 5 & YearsInCurrentRole < 3",187,528,141,68,0.75401,0.26705,0.24564,"partial overlap","supported on the full data only","supported on the full data only"
"g11283","OverTime = Yes & YearsWithCurrManager < 3 & MonthlyIncome < 13194","g09376","YearsInCurrentRole < 4 & TotalWorkingYears < 12",187,634,130,66,0.69519,0.20505,0.18813,"partial overlap","supported on the full data only","supported on the full data only"
"g11283","OverTime = Yes & YearsWithCurrManager < 3 & MonthlyIncome < 13194","g09758","YearsWithCurrManager < 3 & MonthlyIncome < 5131",187,462,135,65,0.72193,0.29221,0.26265,"partial overlap","supported on the full data only","supported on the full data only"
"g11283","OverTime = Yes & YearsWithCurrManager < 3 & MonthlyIncome < 13194","g09623","YearsWithCurrManager < 2 & MonthlyIncome < 10965",187,301,91,47,0.48663,0.30233,0.22922,"partial overlap","supported on the full data only","supported on the full data only"
"g11283","OverTime = Yes & YearsWithCurrManager < 3 & MonthlyIncome < 13194","g07270","MonthlyIncome < 4227 & YearsSinceLastPromotion < 2",187,434,88,51,0.47059,0.20276,0.1651,"partial overlap","supported on the full data only","supported on the full data only"
"g00305","OverTime = Yes & MonthlyIncome < 3221","g08208","TotalWorkingYears < 8 & MonthlyIncome < 4999",122,459,88,53,0.72131,0.19172,0.1785,"partial overlap","qualifying","supported on the full data only"
"g00305","OverTime = Yes & MonthlyIncome < 3221","g00774","YearsAtCompany < 5 & YearsInCurrentRole < 3",122,528,78,47,0.63934,0.14773,0.13636,"partial overlap","qualifying","supported on the full data only"
"g00305","OverTime = Yes & MonthlyIncome < 3221","g09376","YearsInCurrentRole < 4 & TotalWorkingYears < 12",122,634,93,57,0.7623,0.14669,0.14027,"partial overlap","qualifying","supported on the full data only"
"g00305","OverTime = Yes & MonthlyIncome < 3221","g09758","YearsWithCurrManager < 3 & MonthlyIncome < 5131",122,462,89,52,0.72951,0.19264,0.1798,"partial overlap","qualifying","supported on the full data only"
"g00305","OverTime = Yes & MonthlyIncome < 3221","g09623","YearsWithCurrManager < 2 & MonthlyIncome < 10965",122,301,50,36,0.40984,0.16611,0.13405,"partial overlap","qualifying","supported on the full data only"
"g00305","OverTime = Yes & MonthlyIncome < 3221","g07270","MonthlyIncome < 4227 & YearsSinceLastPromotion < 2",122,434,89,54,0.72951,0.20507,0.19058,"partial overlap","qualifying","supported on the full data only"
"g08208","TotalWorkingYears < 8 & MonthlyIncome < 4999","g00774","YearsAtCompany < 5 & YearsInCurrentRole < 3",459,528,317,102,0.69063,0.60038,0.47313,"partial overlap","supported on the full data only","supported on the full data only"
"g08208","TotalWorkingYears < 8 & MonthlyIncome < 4999","g09376","YearsInCurrentRole < 4 & TotalWorkingYears < 12",459,634,408,115,0.88889,0.64353,0.59562,"partial overlap","supported on the full data only","supported on the full data only"
"g08208","TotalWorkingYears < 8 & MonthlyIncome < 4999","g09758","YearsWithCurrManager < 3 & MonthlyIncome < 5131",459,462,357,108,0.77778,0.77273,0.63298,"partial overlap","supported on the full data only","supported on the full data only"
"g08208","TotalWorkingYears < 8 & MonthlyIncome < 4999","g09623","YearsWithCurrManager < 2 & MonthlyIncome < 10965",459,301,175,69,0.38126,0.5814,0.29915,"partial overlap","supported on the full data only","supported on the full data only"
"g08208","TotalWorkingYears < 8 & MonthlyIncome < 4999","g07270","MonthlyIncome < 4227 & YearsSinceLastPromotion < 2",459,434,308,94,0.67102,0.70968,0.5265,"partial overlap","supported on the full data only","supported on the full data only"
"g00774","YearsAtCompany < 5 & YearsInCurrentRole < 3","g09376","YearsInCurrentRole < 4 & TotalWorkingYears < 12",528,634,421,120,0.79735,0.66404,0.56815,"partial overlap","supported on the full data only","supported on the full data only"
"g00774","YearsAtCompany < 5 & YearsInCurrentRole < 3","g09758","YearsWithCurrManager < 3 & MonthlyIncome < 5131",528,462,371,109,0.70265,0.80303,0.59935,"partial overlap","supported on the full data only","supported on the full data only"
"g00774","YearsAtCompany < 5 & YearsInCurrentRole < 3","g09623","YearsWithCurrManager < 2 & MonthlyIncome < 10965",528,301,234,82,0.44318,0.77741,0.39328,"partial overlap","supported on the full data only","supported on the full data only"
"g00774","YearsAtCompany < 5 & YearsInCurrentRole < 3","g07270","MonthlyIncome < 4227 & YearsSinceLastPromotion < 2",528,434,253,88,0.47917,0.58295,0.35684,"partial overlap","supported on the full data only","supported on the full data only"
"g09376","YearsInCurrentRole < 4 & TotalWorkingYears < 12","g09758","YearsWithCurrManager < 3 & MonthlyIncome < 5131",634,462,396,112,0.62461,0.85714,0.56571,"partial overlap","supported on the full data only","supported on the full data only"
"g09376","YearsInCurrentRole < 4 & TotalWorkingYears < 12","g09623","YearsWithCurrManager < 2 & MonthlyIncome < 10965",634,301,216,78,0.34069,0.71761,0.30042,"partial overlap","supported on the full data only","supported on the full data only"
"g09376","YearsInCurrentRole < 4 & TotalWorkingYears < 12","g07270","MonthlyIncome < 4227 & YearsSinceLastPromotion < 2",634,434,331,99,0.52208,0.76267,0.44912,"partial overlap","supported on the full data only","supported on the full data only"
"g09758","YearsWithCurrManager < 3 & MonthlyIncome < 5131","g09623","YearsWithCurrManager < 2 & MonthlyIncome < 10965",462,301,226,79,0.48918,0.75083,0.42086,"partial overlap","supported on the full data only","supported on the full data only"
"g09758","YearsWithCurrManager < 3 & MonthlyIncome < 5131","g07270","MonthlyIncome < 4227 & YearsSinceLastPromotion < 2",462,434,292,93,0.63203,0.67281,0.48344,"partial overlap","supported on the full data only","supported on the full data only"
"g09623","YearsWithCurrManager < 2 & MonthlyIncome < 10965","g07270","MonthlyIncome < 4227 & YearsSinceLastPromotion < 2",301,434,169,69,0.56146,0.3894,0.29859,"partial overlap","supported on the full data only","supported on the full data only"
