"node","level","variable","left_rule","improve","n_node_train","rate_node_train","n_left_train","rate_left_train","n_right_train","rate_right_train","n_left_test","rate_left_test","n_right_test","rate_right_test"
1,1,"OverTime","OverTime in {No}",15.974,1029,0.161321671525753,727,0.104539202200825,302,0.298013245033113,327,0.103975535168196,114,0.324561403508772
2,2,"MonthlyIncome","MonthlyIncome >= 1559",7.19,727,0.104539202200825,717,0.096234309623431,10,0.7,319,0.100313479623824,8,0.25
4,3,"EducationField","EducationField in {Human Resources, Life Sciences, Marketing, Medical, Other}",3.005,717,0.096234309623431,650,0.0815384615384615,67,0.238805970149254,290,0.1,29,0.103448275862069
8,4,"JobInvolvement","JobInvolvement >= 1.5",2.797,650,0.0815384615384615,607,0.0691927512355848,43,0.255813953488372,279,0.100358422939068,11,0.0909090909090909
17,5,"EnvironmentSatisfaction","EnvironmentSatisfaction >= 1.5",5.142,43,0.255813953488372,33,0.121212121212121,10,0.7,9,0.111111111111111,2,0
9,4,"Age","Age >= 29.5",6.137,67,0.238805970149254,48,0.104166666666667,19,0.578947368421053,21,0.0476190476190476,8,0.25
3,2,"MonthlyIncome","MonthlyIncome >= 2475",21.34,302,0.298013245033113,252,0.214285714285714,50,0.72,95,0.263157894736842,19,0.631578947368421
6,3,"MaritalStatus","MaritalStatus in {Divorced, Married}",6.346,252,0.214285714285714,177,0.141242937853107,75,0.386666666666667,69,0.188405797101449,26,0.461538461538462
12,4,"NumCompaniesWorked","NumCompaniesWorked < 4.5",3.931,177,0.141242937853107,148,0.0945945945945946,29,0.379310344827586,57,0.192982456140351,12,0.166666666666667
25,5,"EnvironmentSatisfaction","EnvironmentSatisfaction >= 2.5",5.403,29,0.379310344827586,19,0.157894736842105,10,0.8,6,0,6,0.333333333333333
13,4,"JobRole","JobRole in {Healthcare Representative, Human Resources, Manager, Manufacturing Director, Research Director, Research Scientist}",6.314,75,0.386666666666667,38,0.184210526315789,37,0.594594594594595,13,0.153846153846154,13,0.769230769230769
27,5,"DistanceFromHome","DistanceFromHome < 3.5",4.502,37,0.594594594594595,8,0.125,29,0.724137931034483,7,0.857142857142857,6,0.666666666666667
7,3,"RelationshipSatisfaction","RelationshipSatisfaction >= 2.5",2.834,50,0.72,32,0.59375,18,0.944444444444444,12,0.75,7,0.428571428571429
14,4,"DistanceFromHome","DistanceFromHome < 15",3.521,32,0.59375,24,0.458333333333333,8,1,11,0.727272727272727,1,1
28,5,"JobRole","JobRole in {Research Scientist, Sales Representative}",2.083,24,0.458333333333333,12,0.25,12,0.666666666666667,7,0.857142857142857,4,0.5
